-- MySQL dump 8.22
--
-- Host: 10.60.60.60    Database: DBRadio
---------------------------------------------------------
-- Server version	3.23.54-max-debug

--
-- Table structure for table 'abon_seti'
--

DROP TABLE IF EXISTS abon_seti;
CREATE TABLE abon_seti (
  id_radioseti bigint(20) unsigned NOT NULL default '0',
  id_abonent bigint(20) unsigned NOT NULL default '0'
) TYPE=MyISAM;

/*!40000 ALTER TABLE abon_seti DISABLE KEYS */;

--
-- Dumping data for table 'abon_seti'
--


LOCK TABLES abon_seti WRITE;

/*!40000 ALTER TABLE abon_seti ENABLE KEYS */;
UNLOCK TABLES;

--
-- Table structure for table 'abonenti'
--

DROP TABLE IF EXISTS abonenti;
CREATE TABLE abonenti (
  id_abonent bigint(20) unsigned NOT NULL auto_increment,
  id_res bigint(20) unsigned default NULL,
  id_podrazd bigint(20) unsigned default NULL,
  id varchar(10) default NULL,
  abonent_num varchar(10) default NULL,
  status varchar(200) default NULL,
  prim varchar(255) default NULL,
  PRIMARY KEY  (id_abonent)
) TYPE=MyISAM;

/*!40000 ALTER TABLE abonenti DISABLE KEYS */;

--
-- Dumping data for table 'abonenti'
--


LOCK TABLES abonenti WRITE;

/*!40000 ALTER TABLE abonenti ENABLE KEYS */;
UNLOCK TABLES;

--
-- Table structure for table 'files'
--

DROP TABLE IF EXISTS files;
CREATE TABLE files (
  id_res bigint(20) unsigned default NULL,
  id_radioseti bigint(20) unsigned default NULL,
  extension varchar(10) default NULL,
  data longblob
) TYPE=MyISAM;

/*!40000 ALTER TABLE files DISABLE KEYS */;

--
-- Dumping data for table 'files'
--


LOCK TABLES files WRITE;

/*!40000 ALTER TABLE files ENABLE KEYS */;
UNLOCK TABLES;

--
-- Table structure for table 'par_base_station'
--

DROP TABLE IF EXISTS par_base_station;
CREATE TABLE par_base_station (
  id_par bigint(20) unsigned NOT NULL auto_increment,
  id_res bigint(20) unsigned default NULL,
  koord varchar(200) default NULL,
  shirota varchar(100) default NULL,
  dolgota varchar(100) default NULL,
  visota_anten float unsigned default NULL,
  PRIMARY KEY  (id_par)
) TYPE=MyISAM;

/*!40000 ALTER TABLE par_base_station DISABLE KEYS */;

--
-- Dumping data for table 'par_base_station'
--


LOCK TABLES par_base_station WRITE;
INSERT INTO par_base_station VALUES (65,489,NULL,NULL,NULL,NULL),(4,45,NULL,NULL,NULL,NULL),(7,69,NULL,NULL,NULL,NULL),(13,1,NULL,NULL,NULL,NULL),(69,3,NULL,NULL,NULL,NULL),(19,786,NULL,NULL,NULL,NULL),(20,787,NULL,NULL,NULL,NULL),(21,788,NULL,NULL,NULL,NULL),(22,789,NULL,NULL,NULL,NULL),(23,247,NULL,NULL,NULL,NULL),(24,248,NULL,NULL,NULL,NULL),(25,249,NULL,NULL,NULL,NULL),(26,250,NULL,NULL,NULL,NULL),(27,251,NULL,NULL,NULL,NULL),(28,252,NULL,NULL,NULL,NULL),(29,253,NULL,NULL,NULL,NULL),(30,254,NULL,NULL,NULL,NULL),(31,255,NULL,NULL,NULL,NULL),(32,256,NULL,NULL,NULL,NULL),(33,257,NULL,NULL,NULL,NULL),(34,258,NULL,NULL,NULL,NULL),(35,259,NULL,NULL,NULL,NULL),(36,507,NULL,NULL,NULL,NULL),(37,508,NULL,NULL,NULL,NULL),(61,582,NULL,NULL,NULL,NULL),(62,591,NULL,NULL,NULL,NULL),(45,580,NULL,NULL,NULL,NULL),(43,579,NULL,NULL,NULL,NULL),(44,588,NULL,NULL,NULL,NULL),(46,589,NULL,NULL,NULL,NULL),(47,581,NULL,NULL,NULL,NULL),(48,590,NULL,NULL,NULL,NULL),(49,587,NULL,NULL,NULL,NULL),(50,595,NULL,NULL,NULL,NULL),(64,594,NULL,NULL,NULL,NULL),(52,593,NULL,NULL,NULL,NULL),(53,592,NULL,NULL,NULL,NULL),(55,586,NULL,NULL,NULL,NULL),(63,585,NULL,NULL,NULL,NULL),(57,584,NULL,NULL,NULL,NULL),(58,583,NULL,NULL,NULL,NULL),(60,578,NULL,NULL,NULL,NULL),(66,596,NULL,NULL,NULL,NULL),(67,13,NULL,NULL,NULL,NULL),(68,615,NULL,NULL,NULL,NULL),(70,9,NULL,NULL,NULL,NULL),(71,12,NULL,NULL,NULL,NULL),(72,651,NULL,NULL,NULL,NULL);

/*!40000 ALTER TABLE par_base_station ENABLE KEYS */;
UNLOCK TABLES;

--
-- Table structure for table 'podrazd'
--

DROP TABLE IF EXISTS podrazd;
CREATE TABLE podrazd (
  id_podrazd bigint(20) unsigned NOT NULL auto_increment,
  name varchar(200) NOT NULL default '',
  dolg_otv varchar(200) default NULL,
  fio_otv varchar(200) default NULL,
  teleph_otv varchar(200) default NULL,
  prim varchar(255) default NULL,
  PRIMARY KEY  (id_podrazd)
) TYPE=MyISAM;

/*!40000 ALTER TABLE podrazd DISABLE KEYS */;

--
-- Dumping data for table 'podrazd'
--


LOCK TABLES podrazd WRITE;
INSERT INTO podrazd VALUES (1,'ФОК',NULL,NULL,NULL,'+'),(2,'ЦХХ',NULL,NULL,NULL,'+'),(3,'УЖДТ','Начальник участка радиосвязи УЖДТ','Ермаков Евгений','45-15 (Теле-2 8-908-788-10-36)','+'),(4,'ОФ',NULL,NULL,NULL,'+'),(5,'ЗГБЖ',NULL,NULL,NULL,'+'),(6,'ЗГБЖ-2',NULL,NULL,NULL,'+'),(7,'ЦСП','Зам нач цеха - Главный инженер','Агеев Ю. И.','59-17','+'),(8,'Цех связи','Зам. нач. ЦС','Столбченко А. Ю.','48-00',NULL),(9,'ЦАиИТ','Начальник участка телемеханики','Булгаков Александр Алексеевич','52-39','+'),(10,'ЦМиВХ',NULL,NULL,NULL,NULL),(11,'УАСРиГО','Начальник ЕЦПН','Исаев В. А.','55-77','+'),(12,'АТУ',NULL,NULL,NULL,'+'),(13,'РУ',NULL,NULL,NULL,NULL),(16,'Взрыв Цех',NULL,NULL,NULL,'+'),(17,'Гидромеханизация',NULL,NULL,NULL,'+'),(21,'Трест Рудстрой',NULL,NULL,NULL,'Радиосети закрыты (Остались РЭС)');

/*!40000 ALTER TABLE podrazd ENABLE KEYS */;
UNLOCK TABLES;

--
-- Table structure for table 'radioseti'
--

DROP TABLE IF EXISTS radioseti;
CREATE TABLE radioseti (
  id_radioseti bigint(20) unsigned NOT NULL auto_increment,
  id_podrazd bigint(20) unsigned default '0',
  number int(10) unsigned NOT NULL default '0',
  freq varchar(200) default NULL,
  num_razr varchar(200) default NULL,
  date_end_razr date default NULL,
  prim varchar(255) default NULL,
  PRIMARY KEY  (id_radioseti)
) TYPE=MyISAM;

/*!40000 ALTER TABLE radioseti DISABLE KEYS */;

--
-- Dumping data for table 'radioseti'
--


LOCK TABLES radioseti WRITE;
INSERT INTO radioseti VALUES (1,11,114,'150.350','Нет разрешения','1899-12-30','Надо закрывать'),(2,11,115,'150.375','Нет разрешения','1899-12-30','Надо закрывать'),(3,3,129,'154.050','Нет разрешения','1899-12-30','Закрытая (Осталось списать РЭС)'),(4,3,132,'154.500','Нет разрешения','1899-12-30','Скоро закрывать'),(5,3,133,'154.600','06-000462Д','2016-03-06',NULL),(6,3,134,'154.650','Нет разрешения','1899-12-30','Скоро закрывать'),(7,8,130,'154.100',NULL,'1899-12-30','Закрытая (Осталось списать РЭС)'),(8,3,131,'154.450','06-000450Д','2016-03-06',NULL),(9,8,124,'156.325/161.325','14-04-26/5596','2007-01-01','SmartTrunk-2 РУ 1 канал'),(10,8,125,'156.375/161.375','14-04-26/5596','2007-01-01','SmartTrunk-2 РУ 2 канал'),(11,8,126,'156.425/161.425','14-04-26/5596','2007-01-01','SmartTrunk-2 Ст.Оскол 1 канал'),(12,8,127,'156.450/161.450','14-04-26/5596','2007-01-01','SmartTrunk-2 Ст.Оскол 2 канал'),(13,7,136,'164.675','31-147/111','2008-12-17','ЦСП энергодиспетчер'),(14,13,135,'164.650','31-147/110','2008-12-17','ру энергодиспетчер'),(15,12,138,'164.875','Нет разрешения','1899-12-30','Надо закрывать'),(16,13,139,'164.900','Нет разрешения','1899-12-30','Надо закрывать'),(17,13,141,'164.950','06-000427Д','2016-03-06',NULL),(18,1,137,'164.725','Получено заключение (1 Вт)','1899-12-30','Надо получать разрешение'),(19,13,140,'164.925','06-000468Д','2016-03-06',NULL),(20,8,172,'165.300,325/150.300,325','1/1535','2007-02-15','Малютка'),(21,4,142,'166.750','Нет разрешения','1899-12-30','Скоро закрывать'),(22,4,143,'166.800','31-147/109','2008-12-17',NULL),(23,8,144,'166.900','Получено заключение (1 Вт)','1899-12-30','Надо получать разрешение для ЗГБЖ-1,2)'),(24,5,145,'167.025','Нет разрешения','1899-12-30','Надо закрывать'),(25,2,146,'167.100','Получено заключение','1899-12-30','Надо получать разрешение'),(26,8,171,'167.275','Закрытая','2000-01-01','Закрытая (Осталось списать РЭС)'),(27,8,147,'307.675/343.675','31-147/095','2008-12-17','Удл. ЛГОК - Лесн Сказка'),(28,8,148,'307.7125/343.7125','31-147/096','2008-12-17','Удл. ЛГОК - Лесн. Сказка (Свободная)'),(29,8,149,'307.775/343.775','31-147/097','2008-12-17','Удл. ЛГОК - БО ЭЭРЗ'),(30,8,150,'307.7875/343.7875','31-147/098','2008-12-17','Удл. Свободная'),(31,8,151,'307.8/343.8','31-147/099','2008-12-17','Удл. Свободная'),(32,8,152,'307.8125/343.8125','31-147/100','2008-12-17','Удл. Свободная'),(33,8,153,'307.825/343.825','31-147/101','2008-12-17','Удл. Свободная'),(34,8,154,'307.9/343.9','31-147/102','2008-12-17','Удл. Свободная'),(35,8,155,'307.9125/343.9125','31-147/103','2008-12-17','Удл. Свободная'),(37,8,101,'36.125','31-147/133','2008-12-22','Закрытая (Осталось списать РЭС)'),(38,13,102,'36.375','31-147/106','2008-12-17','буровой цех'),(39,8,162,'36540/36078','РРЛ-4737','2006-11-01','На продлении в ФАС'),(40,8,103,'36.825','05-001976Д','2015-12-02','Свободная'),(41,8,104,'37.175','05-001978Д','2009-05-01','Свободная'),(42,8,105,'37.575','05-002025Д','2009-05-01','Свободная'),(43,13,106,'41.3','05-001956Д','2009-05-01','участок отгрузки'),(44,9,107,'42.35','05-001971Д','2009-05-01','Телемеханика'),(45,9,108,'42.475','31-147/104','2008-12-17','GPS УЖДТ'),(46,9,112,'47.45','31-147/131','2008-12-22','GPS УЖДТ'),(47,16,109,'42.725','31-147/105','2008-12-17','Говорительная'),(48,13,110,'42.850','05-001951Д','2009-05-01','диспетчер карьера'),(49,17,111,'43.700','06-000459Д','2016-03-06',NULL),(50,8,163,'14985,315/14315,985','РРЛ-4241','2006-11-01','На продлении в ФАС'),(51,8,159,'11405/10875; 11645/11115','РРЛ-4240','2006-11-01','На продлении в ФАС   РРЛ ЛГОК - Лес. Сказ.'),(53,8,160,'11525/10915','РРЛ-4240','2006-11-01','На продлении в ФАС   РРЛ ЛГОК - Ст. Оскол'),(54,8,54,'11075/11605',NULL,'1899-12-30',NULL),(55,8,161,'11445/10915','РРЛ-4239','2006-11-01','На продлении в ФАС'),(75,21,57,'164.625',NULL,'1899-12-30','Закрытая (Осталось списать РЭС)'),(76,8,58,'69.230',NULL,'1899-12-30','Радиовещание'),(77,16,113,'48.425','31-147/132','2008-12-22','Взрывательная'),(78,8,60,'Trunk Ericsson 458 - 675','05-015431','2015-06-06',NULL),(88,8,70,'43_ТВК',NULL,'1899-12-30',NULL);

/*!40000 ALTER TABLE radioseti ENABLE KEYS */;
UNLOCK TABLES;

--
-- Table structure for table 'res'
--

DROP TABLE IF EXISTS res;
CREATE TABLE res (
  id_res bigint(20) unsigned NOT NULL auto_increment,
  id_podrazd bigint(20) unsigned default NULL,
  type varchar(200) default NULL,
  place_install varchar(200) default NULL,
  marka varchar(200) default NULL,
  pozivnoi varchar(100) default NULL,
  klass_izluch varchar(100) default NULL,
  inv_number varchar(50) default NULL,
  serial_num varchar(200) default NULL,
  power float unsigned default NULL,
  date_vipusk date default NULL,
  date_vvoda date default NULL,
  num_razr_res varchar(200) default NULL,
  date_end_razr date default NULL,
  status varchar(100) default NULL,
  prim varchar(255) default NULL,
  Frequency varchar(255) default NULL,
  PRIMARY KEY  (id_res),
  UNIQUE KEY serial_num (serial_num)
) TYPE=MyISAM;

/*!40000 ALTER TABLE res DISABLE KEYS */;

--
-- Dumping data for table 'res'
--


LOCK TABLES res WRITE;
INSERT INTO res VALUES (1,8,'Стационарное','СПОРТКОМПЛЕКС \"ЛЕСНАЯ СКАЗКА\"','ФЛОКС   РРС',NULL,NULL,NULL,NULL,0.8,'1899-12-30','1899-12-30','РРЛ-31-4241','2006-11-01','Активно РЧЦ',' (по данным РЧЦ)','14985,315/14315,985;'),(2,8,'Стационарное','КОНЕФЕРМА','ФЛОКС   РРС',NULL,NULL,NULL,NULL,0.8,'1899-12-30','1899-12-30','РРЛ-31-4241','2006-11-01','Активно РЧЦ',' (по данным РЧЦ)','14985,315/14315,985;'),(3,8,'Стационарное','БАЗА ОТДЫХА \"ЛЕБЕДЬ\"','ФЛОКС   РРС',NULL,NULL,NULL,NULL,0.8,'1899-12-30','1899-12-30','РРЛ-31-4241','2006-11-01','Активно РЧЦ',' (по данным РЧЦ)','14985,315/14315,985;'),(4,8,'Стационарное','ФАБРИКА ОБОГАЩЕНИЯ ЛГОК','ФЛОКС   РРС',NULL,NULL,NULL,NULL,0.8,'1899-12-30','1899-12-30','РРЛ-31-4241','2006-11-01','Активно РЧЦ',' (по данным РЧЦ)','14985,315/14315,985;'),(5,8,'Стационарное','ФАБРИКА ОБОГАЩЕНИЯ ЛГОК','ФЛОКС   РРС',NULL,NULL,NULL,NULL,0.8,'1899-12-30','1899-12-30','РРЛ-31-4241','2006-11-01','Активно РЧЦ',' (по данным РЧЦ)','14985,315/14315,985;'),(6,8,'Стационарное','ФАБРИКА ОБОГАЩЕНИЯ ЛГОК','ФЛОКС   РРС',NULL,NULL,NULL,NULL,0.8,'1899-12-30','1899-12-30','РРЛ-31-4241','2006-11-01','Активно РЧЦ',' (по данным РЧЦ)','14985,315/14315,985;'),(7,8,'Стационарное','СПОРТИВНЫЙ КОМПЛЕКС','КОМПЛЕКС-5М-1   РРС',NULL,NULL,NULL,NULL,0.5,'1899-12-30','1899-12-30','РРЛ-31-4240/1','2006-11-01','Активно РЧЦ',' (по данным РЧЦ)','11405/10875; 11645/11115;'),(8,8,'Стационарное','РУДОУПРАВЛЕНИЕ','КОМПЛЕКС-5М-1   РРС',NULL,NULL,NULL,NULL,0.5,'1899-12-30','1899-12-30','РРЛ-31-4239','2006-11-01','Активно РЧЦ',' (по данным РЧЦ)','11075/11605; 11525/10915;'),(9,8,'Стационарное','УЗЕЛ СВЯЗИ','КОМПЛЕКС-5М-1   РРС',NULL,NULL,NULL,NULL,0.5,'1899-12-30','1899-12-30','РРЛ-31-4240/2','2006-11-01','Активно РЧЦ',' (по данным РЧЦ)','11525/10915;'),(10,8,'Стационарное','ЛГОК','КОМПЛЕКС-5М-1   РРС',NULL,NULL,NULL,NULL,0.5,'1899-12-30','1899-12-30','РРЛ-31-4240/1','2006-11-01','Активно РЧЦ',' (по данным РЧЦ)','11405/10875; 11645/11115;'),(11,8,'Стационарное','ЛГОК','КОМПЛЕКС-5М-1   РРС',NULL,NULL,NULL,NULL,0.5,'1899-12-30','1899-12-30','РРЛ-31-4239','2006-11-01','Активно РЧЦ',' (по данным РЧЦ)','11075/11605; 11525/10915;'),(12,8,'Стационарное','ЛГОК','КОМПЛЕКС-5М-1   РРС',NULL,NULL,NULL,NULL,0.5,'1899-12-30','1899-12-30','РРЛ-31-4240/2','2006-11-01','Активно РЧЦ',' (по данным РЧЦ)','11525/10915;'),(13,8,'Стационарное','База отдыха \"Лебедь\"','Малютка-1 РРС',NULL,NULL,NULL,'801/201',2,'1899-12-30','1899-12-30','31-1/1535-2','2007-02-15','Списано','Предоставлена копия акта списания осн средств во ФГУП РЧЦ ЦФО (1.10.2006г.) (по данным РЧЦ)','165.300,325/150.300,325;'),(14,11,NULL,'КПП ВЦ г. Губкин, \"Лебединский ГОК\"','Ericsson GE','ПИКЕТ',NULL,NULL,'9433611',10,NULL,NULL,NULL,'1899-12-30','Активно РЧЦ',' (по данным РЧЦ)','150.350;'),(15,11,NULL,'пост карьера, г. Губкин, \"Лебединский ГОК\"','Ericsson GE','ПИКЕТ',NULL,NULL,'9433591',10,NULL,NULL,NULL,'1899-12-30','Активно РЧЦ',' (по данным РЧЦ)','150.350;'),(16,11,NULL,'пост карьера, г. Губкин, \"Лебединский ГОК\"','Motorola GM-350','ПИКЕТ',NULL,NULL,'821IYE1744',10,NULL,NULL,NULL,'1899-12-30','Активно РЧЦ',' (по данным РЧЦ)','150.350;'),(17,11,NULL,'ГТС г. Губкин, \"Лебединский ГОК\"','Ericsson GE','ПИКЕТ',NULL,NULL,'9433590',10,NULL,NULL,NULL,'1899-12-30','Активно РЧЦ',' (по данным РЧЦ)','150.350;'),(18,11,NULL,'ПЦН, г. Губкин, \"Лебединский ГОК\"','Motorola GM-350','ПИКЕТ',NULL,NULL,'821IYE1704',10,NULL,NULL,NULL,'1899-12-30','Активно РЧЦ',' (по данным РЧЦ)','150.350;'),(19,11,NULL,'караульная, г. Губкин, \"Лебединский ГОК\"','Ericsson GE','ПИКЕТ',NULL,NULL,'9433572',10,NULL,NULL,NULL,'1899-12-30','Активно РЧЦ',' (по данным РЧЦ)','150.350;'),(20,11,'Возимое','УАЗ №А470ТО','Ericsson GE','ПИКЕТ',NULL,NULL,'9433651',10,'1899-12-30','1899-12-30',NULL,'1899-12-30','Активно РЧЦ',' (по данным РЧЦ)','150.350;'),(21,11,'Возимое','УАЗ №В488ХО','Motorola GM-350','ПИКЕТ',NULL,NULL,'821IYE458',10,NULL,NULL,NULL,'1899-12-30','Активно РЧЦ',' (по данным РЧЦ)','150.350;'),(22,11,'Возимое','УАЗ №В489ХО','Motorola GM-350','ПИКЕТ',NULL,NULL,'821IYE489',10,NULL,NULL,NULL,'1899-12-30','Активно РЧЦ',' (по данным РЧЦ)','150.350;'),(23,11,'Носимое','носимая','GP-300 (VHF)','ПИКЕТ',NULL,NULL,'174IZU3154',2,NULL,NULL,NULL,'1899-12-30','Активно РЧЦ',' (по данным РЧЦ)','150.350;'),(24,11,'Носимое','носимая','GP-300 (VHF)','ПИКЕТ',NULL,NULL,'174IYA3257',2,NULL,NULL,NULL,'1899-12-30','Активно РЧЦ',' (по данным РЧЦ)','150.350;'),(25,11,'Носимое','носимая','GP-300 (VHF)','ПИКЕТ',NULL,NULL,'174IYE1704',2,NULL,NULL,NULL,'1899-12-30','Активно РЧЦ',' (по данным РЧЦ)','150.350;'),(26,11,'Носимое','носимая','GP-300 (VHF)','ПИКЕТ',NULL,NULL,'174IZU2971',2,NULL,NULL,NULL,'1899-12-30','Активно РЧЦ',' (по данным РЧЦ)','150.350;'),(27,11,'Носимое','носимая','GP-300 (VHF)','ПИКЕТ',NULL,NULL,'174IXN8905',2,NULL,NULL,NULL,'1899-12-30','Активно РЧЦ',' (по данным РЧЦ)','150.350;'),(28,11,'Носимое','носимая','GP-300 (VHF)','ПИКЕТ',NULL,NULL,'174IZU2072',2,NULL,NULL,NULL,'1899-12-30','Активно РЧЦ',' (по данным РЧЦ)','150.350;'),(29,11,'Носимое','носимая','GP-300 (VHF)','ПИКЕТ',NULL,NULL,'174IZU3000',2,NULL,NULL,NULL,'1899-12-30','Активно РЧЦ',' (по данным РЧЦ)','150.350;'),(30,11,'Носимое','носимая','GP-300 (VHF)','ПИКЕТ',NULL,NULL,'174IZU3072',2,NULL,NULL,NULL,'1899-12-30','Активно РЧЦ',' (по данным РЧЦ)','150.350;'),(31,11,'Носимое','носимая','GP-300 (VHF)','ПИКЕТ',NULL,NULL,'174IZU3028',2,NULL,NULL,NULL,'1899-12-30','Активно РЧЦ',' (по данным РЧЦ)','150.350;'),(32,11,'Носимое','носимая','GP-300 (VHF)','ПИКЕТ',NULL,NULL,'174IZU3009',2,NULL,NULL,NULL,'1899-12-30','Активно РЧЦ',' (по данным РЧЦ)','150.350;'),(33,11,'Носимое','носимая','GP-300 (VHF)','ПИКЕТ',NULL,NULL,'174IZU3198',2,NULL,NULL,NULL,'1899-12-30','Активно РЧЦ',' (по данным РЧЦ)','150.350;'),(34,11,'Носимое','носимая','GP-300 (VHF)','ПИКЕТ',NULL,NULL,'174IZU3296',2,NULL,NULL,NULL,'1899-12-30','Активно РЧЦ',' (по данным РЧЦ)','150.350;'),(35,11,'Носимое','носимая','GP-300 (VHF)','ПИКЕТ',NULL,NULL,'174IZU2928',2,NULL,NULL,NULL,'1899-12-30','Активно РЧЦ',' (по данным РЧЦ)','150.350;'),(36,11,'Носимое','носимая','GP-300 (VHF)','ПИКЕТ',NULL,NULL,'174IZU2979',2,NULL,NULL,NULL,'1899-12-30','Активно РЧЦ',' (по данным РЧЦ)','150.350;'),(37,11,'Носимое','носимая','Motorola P040','ПИКЕТ',NULL,NULL,'422TZWA373',2,NULL,NULL,NULL,'1899-12-30','Активно РЧЦ',' (по данным РЧЦ)','150.350;'),(38,11,'Носимое','носимая','Motorola P040','ПИКЕТ',NULL,NULL,'422TZWA375',2,NULL,NULL,NULL,'1899-12-30','Активно РЧЦ',' (по данным РЧЦ)','150.350;'),(39,11,'Носимое','носимая','Motorola P040','ПИКЕТ',NULL,NULL,'422TZWA359',2,NULL,NULL,NULL,'1899-12-30','Активно РЧЦ',' (по данным РЧЦ)','150.350;'),(40,11,'Носимое','носимая','Motorola P040','ПИКЕТ',NULL,NULL,'422TAC4565',2,NULL,NULL,NULL,'1899-12-30','Активно РЧЦ',' (по данным РЧЦ)','150.350;'),(41,11,'Носимое','носимая','Motorola P040','ПИКЕТ',NULL,NULL,'422TZWA543',2,NULL,NULL,NULL,'1899-12-30','Активно РЧЦ',' (по данным РЧЦ)','150.350;'),(42,11,'Носимое','носимая','Motorola P040','ПИКЕТ',NULL,NULL,'422TZWA575',2,NULL,NULL,NULL,'1899-12-30','Активно РЧЦ',' (по данным РЧЦ)','150.350;'),(43,11,'Носимое','носимая','Motorola P040','ПИКЕТ',NULL,NULL,'422TZWA845',2,NULL,NULL,NULL,'1899-12-30','Активно РЧЦ',' (по данным РЧЦ)','150.350;'),(44,11,'Носимое','носимая','Motorola P040','ПИКЕТ',NULL,NULL,'422TZWA898',2,NULL,NULL,NULL,'1899-12-30','Активно РЧЦ',' (по данным РЧЦ)','150.350;'),(45,11,'Стационарное','диспетчер АСС, г. Губкин, \"Лебединский ГОК\"','MOTOROLA GM 300','ПИКЕТ',NULL,NULL,'159TXE2502',10,'1899-12-30','1899-12-30',NULL,'1899-12-30','Активно РЧЦ',' (по данным РЧЦ)','150.375;'),(46,11,'Возимое','ВАЗ №В009СУ','Motorola GM-350','ПИКЕТ',NULL,NULL,'821IXY1904',10,NULL,NULL,NULL,'1899-12-30','Активно РЧЦ',' (по данным РЧЦ)','150.375;'),(47,11,'Возимое','КАМАЗ АЦ 5-40','Motorola GM-350','ПИКЕТ',NULL,NULL,'821TBG5205',10,NULL,NULL,NULL,'1899-12-30','Активно РЧЦ',' (по данным РЧЦ)','150.375;'),(48,11,'Возимое','КАВЗ №13-07 АОС','Motorola GM-350','ПИКЕТ',NULL,NULL,'821TBG1035',10,NULL,NULL,NULL,'1899-12-30','Активно РЧЦ',' (по данным РЧЦ)','150.375;'),(49,11,'Возимое','УАЗ №В478ХО','MOTOROLA GM 300','ПИКЕТ',NULL,NULL,'159TXE2501',10,NULL,NULL,NULL,'1899-12-30','Активно РЧЦ',' (по данным РЧЦ)','150.375;'),(50,11,'Возимое','ЗИЛ АЦ-3,2-40','MOTOROLA GM 300','ПИКЕТ',NULL,NULL,'159TXE2504',10,NULL,NULL,NULL,'1899-12-30','Активно РЧЦ',' (по данным РЧЦ)','150.375;'),(51,11,'Возимое','ЗИЛ 131, №АЦ-40','Ericsson GE','ПИКЕТ',NULL,NULL,'9433573',10,NULL,NULL,NULL,'1899-12-30','Активно РЧЦ',' (по данным РЧЦ)','150.375;'),(52,11,'Возимое','УРАЛ АЦП-40-6,3','MOTOROLA GM 300','ПИКЕТ',NULL,NULL,'159TXE2503',10,NULL,NULL,NULL,'1899-12-30','Активно РЧЦ',' (по данным РЧЦ)','150.375;'),(53,11,'Носимое','носимая','GP-300 (VHF)','ПИКЕТ',NULL,NULL,'174IXQ1836',2,'1899-12-30','1899-12-30',NULL,'1899-12-30','Активно РЧЦ',' (по данным РЧЦ)','150.375;'),(54,11,'Носимое','носимая','GP-300 (VHF)','ПИКЕТ',NULL,NULL,'174IXQ1859',2,NULL,NULL,NULL,'1899-12-30','Активно РЧЦ',' (по данным РЧЦ)','150.375;'),(55,11,'Носимое','носимая','Motorola P040','ПИКЕТ',NULL,NULL,'422TAG5115',2,NULL,NULL,NULL,'1899-12-30','Активно РЧЦ',' (по данным РЧЦ)','150.375;'),(56,11,'Носимое','носимая','Motorola P040','ПИКЕТ',NULL,NULL,'422TAG5135',2,NULL,NULL,NULL,'1899-12-30','Активно РЧЦ',' (по данным РЧЦ)','150.375;'),(57,11,'Носимое','носимая','Motorola P040','ПИКЕТ',NULL,NULL,'422TAG5136',2,NULL,NULL,NULL,'1899-12-30','Активно РЧЦ','Повтор (по данным РЧЦ)','150.375;'),(58,11,'Носимое','носимая','Motorola P040','ПИКЕТ',NULL,NULL,'422TAG5136~',2,NULL,NULL,NULL,'1899-12-30','Активно РЧЦ','Повтор (по данным РЧЦ)','150.375;'),(59,11,'Носимое','носимая','Motorola P040','ПИКЕТ',NULL,NULL,'422TAG5208',2,NULL,NULL,NULL,'1899-12-30','Активно РЧЦ',' (по данным РЧЦ)','150.375;'),(60,11,'Носимое','носимая','KENWOOD TK-278','ПИКЕТ',NULL,NULL,'505068',2,NULL,NULL,NULL,'1899-12-30','Активно РЧЦ',' (по данным РЧЦ)','150.375;'),(61,11,'Носимое','носимая','KENWOOD TK-278','ПИКЕТ',NULL,NULL,'505439',2,NULL,NULL,NULL,'1899-12-30','Активно РЧЦ',' (по данным РЧЦ)','150.375;'),(62,11,'Носимое','носимая','KENWOOD TK-278','ПИКЕТ',NULL,NULL,'601621',2,NULL,NULL,NULL,'1899-12-30','Активно РЧЦ',' (по данным РЧЦ)','150.375;'),(63,11,'Носимое','носимая','KENWOOD TK-278','ПИКЕТ',NULL,NULL,'601624',2,NULL,NULL,NULL,'1899-12-30','Активно РЧЦ',' (по данным РЧЦ)','150.375;'),(64,11,'Носимое','носимая','Motorola P040','ПИКЕТ',NULL,NULL,'422TAG5113',2,NULL,NULL,NULL,'1899-12-30','Активно РЧЦ',' (по данным РЧЦ)','150.375;'),(65,11,'Носимое','носимая','Motorola P040','ПИКЕТ',NULL,NULL,'422TAG5205',2,NULL,NULL,NULL,'1899-12-30','Активно РЧЦ',' (по данным РЧЦ)','150.375;'),(66,11,'Носимое','носимая','GP-320 (PW302B)','ПИКЕТ',NULL,NULL,'638TBL0760',2,NULL,NULL,NULL,'1899-12-30','Активно РЧЦ',' (по данным РЧЦ)','150.375;'),(67,11,'Носимое','носимая','GP-320 (PW302B)','ПИКЕТ',NULL,NULL,'638TBL0741',2,NULL,NULL,NULL,'1899-12-30','Активно РЧЦ',' (по данным РЧЦ)','150.375;'),(68,11,'Носимое','носимая','GP-320 (PW302B)','ПИКЕТ',NULL,NULL,'638TBL0754',2,NULL,NULL,NULL,'1899-12-30','Активно РЧЦ',' (по данным РЧЦ)','150.375;'),(69,3,'Стационарное','Промплощадка ЛГОК (ЛГОК)','16Р22С-1Г (Маяк)','СИГНАЛЬЩИК',NULL,NULL,'800290498',10,'1899-12-30','1899-12-30','31-138/0156','2004-12-22','Активно РЧЦ',' (по данным РЧЦ)','154.650; 154.500; 154.050;'),(70,3,NULL,'Промплощадка ЛГОК (ЛГОК)','16Р22С-1Г (Маяк)','СИГНАЛЬЩИК',NULL,NULL,'678770295',10,NULL,NULL,'31-138-0157','2004-12-22','Активно РЧЦ',' (по данным РЧЦ)','154.050; 154.500; 154.650;'),(71,3,'Возимое','ОПЭ-2 №14','72РТМ-А2-ЧМ(ЖР-У-ЛС)','СИГНАЛЬЩИК',NULL,NULL,'14555',10,NULL,NULL,'31-174/0923','2004-12-22','Активно РЧЦ',' (по данным РЧЦ)','154.050; 154.500; 154.650;'),(72,3,'Возимое','ОПЭ-2 №16','72РТМ-А2-ЧМ(ЖР-У-ЛС)','СИГНАЛЬЩИК',NULL,NULL,'22930',10,NULL,NULL,'31-174/0932','2004-12-22','Активно РЧЦ',' (по данным РЧЦ)','154.050; 154.500; 154.650;'),(73,3,'Возимое','ОПЭ-2 №19','72РТМ-А2-ЧМ(ЖР-У-ЛС)','СИГНАЛЬЩИК',NULL,NULL,'14507',10,NULL,NULL,'31-174/0922','2004-12-22','Активно РЧЦ',' (по данным РЧЦ)','154.050; 154.500; 154.650;'),(74,3,'Возимое','ОПЭ-1А №9','72РТМ-А2-ЧМ(ЖР-У-ЛС)','СИГНАЛЬЩИК',NULL,NULL,'22934',10,NULL,NULL,'31-174/0934','2004-12-22','Активно РЧЦ',' (по данным РЧЦ)','154.050; 154.500; 154.650;'),(75,3,'Возимое','ОПЭ-1А №20','72РТМ-А2-ЧМ(ЖР-У-ЛС)','СИГНАЛЬЩИК',NULL,NULL,'62288',10,NULL,NULL,'31-174/0969','2004-12-22','Активно РЧЦ',' (по данным РЧЦ)','154.050; 154.500; 154.650;'),(76,3,'Возимое','ОПЭ-1А №31','72РТМ-А2-ЧМ(ЖР-У-ЛС)','СИГНАЛЬЩИК',NULL,NULL,'34681',10,NULL,NULL,'31-174/0950','2004-12-22','Активно РЧЦ',' (по данным РЧЦ)','154.050; 154.500; 154.650;'),(77,3,'Возимое','ОПЭ-1А №32','72РТМ-А2-ЧМ(ЖР-У-ЛС)','СИГНАЛЬЩИК',NULL,NULL,'22778',10,NULL,NULL,'31-174/0930','2004-12-22','Активно РЧЦ',' (по данным РЧЦ)','154.050; 154.500; 154.650;'),(78,3,'Возимое','ОПЭ-1А №24','72РТМ-А2-ЧМ(ЖР-У-ЛС)','СИГНАЛЬЩИК',NULL,NULL,'44474',10,NULL,NULL,'31-174/0960','2004-12-22','Активно РЧЦ',' (по данным РЧЦ)','154.050; 154.500; 154.650;'),(79,3,'Возимое','ТЭМ-2 № 1950','16Р22С-1Г (Маяк)','СИГНАЛЬЩИК',NULL,NULL,'584436',4,NULL,NULL,'31-174/0902','2004-12-22','Активно РЧЦ',' (по данным РЧЦ)','154.050; 154.500; 154.650;'),(80,3,'Возимое','ОПЭ-1А №40','72РТМ-А2-ЧМ(ЖР-У-ЛС)','СИГНАЛЬЩИК',NULL,NULL,'66804',10,NULL,NULL,'31-174/0971','2004-12-22','Активно РЧЦ',' (по данным РЧЦ)','154.050; 154.500; 154.650;'),(81,3,'Возимое','ОПЭ-1А №11','72РТМ-А2-ЧМ(ЖР-У-ЛС)','СИГНАЛЬЩИК',NULL,NULL,'5738',10,NULL,NULL,'31-174/0965','2004-12-22','Активно РЧЦ',' (по данным РЧЦ)','154.050; 154.500; 154.650;'),(82,3,'Возимое','ОПЭ-1А №21','72РТМ-А2-ЧМ(ЖР-У-ЛС)','СИГНАЛЬЩИК',NULL,NULL,'40018',10,NULL,NULL,'31-174/0956','2004-12-22','Активно РЧЦ',' (по данным РЧЦ)','154.050; 154.500; 154.650;'),(83,3,'Возимое','ОПЭ-1А №63','72РТМ-А2-ЧМ(ЖР-У-ЛС)','СИГНАЛЬЩИК',NULL,NULL,'66805',10,NULL,NULL,'31-174/0972','2004-12-22','Активно РЧЦ',' (по данным РЧЦ)','154.050; 154.500; 154.650;'),(84,3,'Возимое','ОПЭ-1А №83','72РТМ-А2-ЧМ(ЖР-У-ЛС)','СИГНАЛЬЩИК',NULL,NULL,'17183',10,NULL,NULL,'31-174/0925','2004-12-22','Активно РЧЦ',' (по данным РЧЦ)','154.050; 154.500; 154.650;'),(85,3,'Возимое','ОПЭ-1А №34','72РТМ-А2-ЧМ(ЖР-У-ЛС)','СИГНАЛЬЩИК',NULL,NULL,'27682',10,NULL,NULL,'31-174/0947','2004-12-22','Активно РЧЦ',' (по данным РЧЦ)','154.050; 154.500; 154.650;'),(86,3,'Возимое','ОПЭ-1А №36','72РТМ-А2-ЧМ(ЖР-У-ЛС)','СИГНАЛЬЩИК',NULL,NULL,'35957',10,NULL,NULL,'31-174/0954','2004-12-22','Активно РЧЦ',' (по данным РЧЦ)','154.050; 154.500; 154.650;'),(87,3,'Возимое','ОПЭ-1А №67','72РТМ-А2-ЧМ(ЖР-У-ЛС)','СИГНАЛЬЩИК',NULL,NULL,'34770',10,NULL,NULL,'31-174/0952','2004-12-22','Активно РЧЦ',' (по данным РЧЦ)','154.050; 154.500; 154.650;'),(88,3,'Возимое','ОПЭ-1А №38','72РТМ-А2-ЧМ(ЖР-У-ЛС)','СИГНАЛЬЩИК',NULL,NULL,'25242',10,NULL,NULL,'31-174/0939','2004-12-22','Активно РЧЦ',' (по данным РЧЦ)','154.050; 154.500; 154.650;'),(89,3,'Возимое','ОПЭ-1А №39','72РТМ-А2-ЧМ(ЖР-У-ЛС)','СИГНАЛЬЩИК',NULL,NULL,'70257',10,NULL,NULL,'31-174/0975','2004-12-22','Активно РЧЦ',' (по данным РЧЦ)','154.050; 154.500; 154.650;'),(90,3,'Возимое','ОПЭ-1А №49','72РТМ-А2-ЧМ(ЖР-У-ЛС)','СИГНАЛЬЩИК',NULL,NULL,'44062',10,NULL,NULL,'31-174/0957','2004-12-22','Активно РЧЦ',' (по данным РЧЦ)','154.050; 154.500; 154.650;'),(91,3,'Возимое','ОПЭ-1А №101','72РТМ-А2-ЧМ(ЖР-У-ЛС)','СИГНАЛЬЩИК',NULL,NULL,'39990',10,NULL,NULL,'31-174/0955','2004-12-22','Активно РЧЦ',' (по данным РЧЦ)','154.050; 154.500; 154.650;'),(92,3,'Возимое','ОПЭ-1А №102','72РТМ-А2-ЧМ(ЖР-У-ЛС)','СИГНАЛЬЩИК',NULL,NULL,'44069',10,NULL,NULL,'31-174/0958','2004-12-22','Активно РЧЦ',' (по данным РЧЦ)','154.050; 154.500; 154.650;'),(93,3,'Возимое','ОПЭ-1А №103','72РТМ-А2-ЧМ(ЖР-У-ЛС)','СИГНАЛЬЩИК',NULL,NULL,'45554',10,NULL,NULL,'31-174/0961','2004-12-22','Активно РЧЦ',' (по данным РЧЦ)','154.050; 154.500; 154.650;'),(94,3,'Возимое','ОПЭ-1А №104','72РТМ-А2-ЧМ(ЖР-У-ЛС)','СИГНАЛЬЩИК',NULL,NULL,'22937',10,NULL,NULL,'31-174/0935','2004-12-22','Активно РЧЦ',' (по данным РЧЦ)','154.050; 154.500; 154.650;'),(95,3,'Возимое','ОПЭ-1А №116','72РТМ-А2-ЧМ(ЖР-У-ЛС)','СИГНАЛЬЩИК',NULL,NULL,'3471',10,NULL,NULL,'31-174/0951','2004-12-22','Активно РЧЦ',' (по данным РЧЦ)','154.050; 154.500; 154.650;'),(96,3,'Возимое','ОПЭ-1А №117','72РТМ-А2-ЧМ(ЖР-У-ЛС)','СИГНАЛЬЩИК',NULL,NULL,'12910',10,NULL,NULL,'31-174/0921','2004-12-22','Активно РЧЦ',' (по данным РЧЦ)','154.050; 154.500; 154.650;'),(97,3,'Возимое','ОПЭ-1А №118','72РТМ-А2-ЧМ(ЖР-У-ЛС)','СИГНАЛЬЩИК',NULL,NULL,'26290',10,NULL,NULL,'31-174/0942','2004-12-22','Активно РЧЦ',' (по данным РЧЦ)','154.050; 154.500; 154.650;'),(98,3,'Возимое','ОПЭ-1А №72','72РТМ-А2-ЧМ(ЖР-У-ЛС)','СИГНАЛЬЩИК',NULL,NULL,'22552',10,NULL,NULL,'31-174/0928','2004-12-22','Активно РЧЦ',' (по данным РЧЦ)','154.050; 154.500; 154.650;'),(99,3,'Возимое','ОПЭ-1А №23','72РТМ-А2-ЧМ(ЖР-У-ЛС)','СИГНАЛЬЩИК',NULL,NULL,'5942',10,NULL,NULL,'31-174/0967','2004-12-22','Активно РЧЦ',' (по данным РЧЦ)','154.050; 154.500; 154.650;'),(100,3,'Возимое','ОПЭ-1А №15','72РТМ-А2-ЧМ(ЖР-У-ЛС)','СИГНАЛЬЩИК',NULL,NULL,'67807',10,NULL,NULL,'31-174/0973','2004-12-22','Активно РЧЦ',' (по данным РЧЦ)','154.050; 154.500; 154.650;'),(101,3,'Возимое','ОПЭ-1А №65','72РТМ-А2-ЧМ(ЖР-У-ЛС)','СИГНАЛЬЩИК',NULL,NULL,'20293',10,NULL,NULL,'31-174/0927','2004-12-22','Активно РЧЦ',' (по данным РЧЦ)','154.050; 154.500; 154.650;'),(102,3,'Возимое','ОПЭ-1А №66','72РТМ-А2-ЧМ(ЖР-У-ЛС)','СИГНАЛЬЩИК',NULL,NULL,'22788',10,NULL,NULL,'31-174/0929','2004-12-22','Активно РЧЦ',' (по данным РЧЦ)','154.050; 154.500; 154.650;'),(103,3,'Возимое','ОПЭ-1А №48','72РТМ-А2-ЧМ(ЖР-У-ЛС)','СИГНАЛЬЩИК',NULL,NULL,'27544',10,NULL,NULL,'31-174/0945','2004-12-22','Активно РЧЦ',' (по данным РЧЦ)','154.050; 154.500; 154.650;'),(104,3,'Возимое','ОПЭ-1А №59','72РТМ-А2-ЧМ(ЖР-У-ЛС)','СИГНАЛЬЩИК',NULL,NULL,'50870',10,NULL,NULL,'31-174/0962','2004-12-22','Активно РЧЦ',' (по данным РЧЦ)','154.050; 154.500; 154.650;'),(105,3,'Возимое','ОПЭ-15 №073','72РТМ-А2-ЧМ(ЖР-У-ЛС)','СИГНАЛЬЩИК',NULL,NULL,'5821',10,NULL,NULL,'31-174/0966','2004-12-22','Активно РЧЦ',' (по данным РЧЦ)','154.050; 154.500; 154.650;'),(106,3,'Возимое','ОПЭ-1А №112','72РТМ-А2-ЧМ(ЖР-У-ЛС)','СИГНАЛЬЩИК',NULL,NULL,'85766',10,NULL,NULL,'31-174/0978','2004-12-22','Активно РЧЦ',' (по данным РЧЦ)','154.050; 154.500; 154.650;'),(107,3,'Возимое','ОПЭ-1А №128','72РТМ-А2-ЧМ(ЖР-У-ЛС)','СИГНАЛЬЩИК',NULL,NULL,'5716',10,NULL,NULL,'31-174/0964','2004-12-22','Активно РЧЦ',' (по данным РЧЦ)','154.050; 154.500; 154.650;'),(108,3,'Возимое','ОПЭ-15 №2194','72РТМ-А2-ЧМ(ЖР-У-ЛС)','СИГНАЛЬЩИК',NULL,NULL,'25247',10,NULL,NULL,'31-174/0940','2004-12-22','Активно РЧЦ',' (по данным РЧЦ)','154.050; 154.500; 154.650;'),(109,3,'Носимое','носимая','Motorola P080','СИГНАЛЬЩИК',NULL,NULL,'422HCQ8566',2,NULL,NULL,'31-174/0913','2004-12-22','Активно РЧЦ',' (по данным РЧЦ)','154.050; 154.500; 154.650;'),(110,3,'Возимое','ОПЭ-15 №265','72РТМ-А2-ЧМ(ЖР-У-ЛС)','СИГНАЛЬЩИК',NULL,NULL,'69896',10,NULL,NULL,'31-174/0974','2004-12-22','Активно РЧЦ',' (по данным РЧЦ)','154.050; 154.500; 154.650;'),(111,3,'Возимое','ОПЭ-15 №2333','72РТМ-А2-ЧМ(ЖР-У-ЛС)','СИГНАЛЬЩИК',NULL,NULL,'91808',10,NULL,NULL,'31-174/0979','2004-12-22','Активно РЧЦ',' (по данным РЧЦ)','154.050; 154.500; 154.650;'),(112,3,'Возимое','ОПЭ-15 №2394','72РТМ-А2-ЧМ(ЖР-У-ЛС)','СИГНАЛЬЩИК',NULL,NULL,'72401',10,NULL,NULL,'31-174/0976','2004-12-22','Активно РЧЦ',' (по данным РЧЦ)','154.050; 154.500; 154.650;'),(113,3,'Возимое','ОПЭ-15 №1670','72РТМ-А2-ЧМ(ЖР-У-ЛС)','СИГНАЛЬЩИК',NULL,NULL,'6257',10,NULL,NULL,'31-174/0970','2004-12-22','Активно РЧЦ',' (по данным РЧЦ)','154.050; 154.500; 154.650;'),(114,3,'Возимое','ОПЭ-15 №1669','72РТМ-А2-ЧМ(ЖР-У-ЛС)','СИГНАЛЬЩИК',NULL,NULL,'56514',10,NULL,NULL,'31-174/0963','2004-12-22','Активно РЧЦ',' (по данным РЧЦ)','154.050; 154.500; 154.650;'),(115,3,'Возимое','ОПЭ-15 №1998','72РТМ-А2-ЧМ(ЖР-У-ЛС)','СИГНАЛЬЩИК',NULL,NULL,'72433',10,NULL,NULL,'31-174/0977','2004-12-22','Активно РЧЦ',' (по данным РЧЦ)','154.050; 154.500; 154.650;'),(116,3,'Возимое','ТЭМ-15 №1696','72РТМ-А2-ЧМ(ЖР-У-ЛС)','СИГНАЛЬЩИК',NULL,NULL,'62103',10,NULL,NULL,'31-174/0968','2004-12-22','Активно РЧЦ',' (по данным РЧЦ)','154.050; 154.500; 154.650;'),(117,3,'Возимое','ТЭМ-15 №2643','72РТМ-А2-ЧМ(ЖР-У-ЛС)','СИГНАЛЬЩИК',NULL,NULL,'18976',10,NULL,NULL,'31-174/0926','2004-12-22','Активно РЧЦ',' (по данным РЧЦ)','154.050; 154.500; 154.650;'),(118,3,'Возимое','ТЭМ-15 №2598','72РТМ-А2-ЧМ(ЖР-У-ЛС)','СИГНАЛЬЩИК',NULL,NULL,'22948',10,NULL,NULL,'31-174/0936','2004-12-22','Активно РЧЦ',' (по данным РЧЦ)','154.050; 154.500; 154.650;'),(119,3,'Возимое','ТЭМ-15 №5008','72РТМ-А2-ЧМ(ЖР-У-ЛС)','СИГНАЛЬЩИК',NULL,NULL,'16761',10,NULL,NULL,'31-174/0924','2004-12-22','Активно РЧЦ',' (по данным РЧЦ)','154.050; 154.500; 154.650;'),(120,3,'Возимое','ТЭМ-15 №2601','72РТМ-А2-ЧМ(ЖР-У-ЛС)','СИГНАЛЬЩИК',NULL,NULL,'26289',10,NULL,NULL,'31-174/0941','2004-12-22','Активно РЧЦ',' (по данным РЧЦ)','154.050; 154.500; 154.650;'),(121,3,'Возимое','ТЭМ-15 №18','72РТМ-А2-ЧМ(ЖР-У-ЛС)','СИГНАЛЬЩИК',NULL,NULL,'22790',10,NULL,NULL,'31-174/0931','2004-12-22','Активно РЧЦ',' (по данным РЧЦ)','154.050; 154.500; 154.650;'),(122,3,'Возимое','ТЭМ-15 №2277','72РТМ-А2-ЧМ(ЖР-У-ЛС)','СИГНАЛЬЩИК',NULL,NULL,'22931',10,NULL,NULL,'31-174/0933','2004-12-22','Активно РЧЦ',' (по данным РЧЦ)','154.050; 154.500; 154.650;'),(123,3,NULL,'ст. Нижний парк, г. Губкин, промплощадка ЛГОКа','11Р22С-3,2','СИГНАЛЬЩИК',NULL,NULL,'25434',10,NULL,NULL,'31-138/0168','2004-12-22','Активно РЧЦ',' (по данным РЧЦ)','154.050; 154.500; 154.650;'),(124,3,NULL,'ст. Лебеди, г. Губкин, промплощадка ЛГОКа','11Р22С-3,2','СИГНАЛЬЩИК',NULL,NULL,'20267',10,NULL,NULL,'31-138/0164','2004-12-22','Активно РЧЦ',' (по данным РЧЦ)','154.050; 154.500; 154.650;'),(125,3,NULL,'ст. Скальная, г. Губкин, промплощадка ЛГОКа','16Р22С-1Г (Маяк)','СИГНАЛЬЩИК',NULL,NULL,'33582',10,NULL,NULL,'31-138-0160','2004-12-22','Активно РЧЦ',' (по данным РЧЦ)','154.050; 154.500; 154.650;'),(126,3,NULL,'ст. Кварцитная, г. Губкин, промплощадка ЛГОКа','11Р22С-3,2','СИГНАЛЬЩИК',NULL,NULL,'21442',10,NULL,NULL,'31-138/0167','2004-12-22','Активно РЧЦ',' (по данным РЧЦ)','154.050; 154.500; 154.650;'),(127,3,'Возимое','ТЭМ-2 № 634','16Р22С-1Г (Маяк)','СИГНАЛЬЩИК',NULL,NULL,'120736',10,NULL,NULL,'31-174/0890','2004-12-22','Активно РЧЦ',' (по данным РЧЦ)','154.050; 154.500; 154.650;'),(128,3,'Возимое','ТЭМ-2 № 5009','16Р22С-1Г (Маяк)','СИГНАЛЬЩИК',NULL,NULL,'120739',10,NULL,NULL,'31-174/0893','2004-12-22','Активно РЧЦ',' (по данным РЧЦ)','154.050; 154.500; 154.650;'),(129,3,NULL,'ст. Соковое, г. Губкин, промплощадка ЛГОКа','16Р22С-1Г (Маяк)','СИГНАЛЬЩИК',NULL,NULL,'33581~',10,NULL,NULL,'31-138-0162','2004-12-22','Активно РЧЦ','Повтор (по данным РЧЦ)','154.050; 154.500; 154.650;'),(130,3,NULL,'ст. Брикетная, г. Губкин, промплощадка ЛГОКа','16Р22С-1Г (Маяк)','СИГНАЛЬЩИК',NULL,NULL,'33577',10,NULL,NULL,'31-138-0161','2004-12-22','Активно РЧЦ',' (по данным РЧЦ)','154.050; 154.500; 154.650;'),(131,3,NULL,'ст. Кварцитная, г. Губкин, промплощадка ЛГОКа','16Р22С-1Г (Маяк)','СИГНАЛЬЩИК',NULL,NULL,'80023',10,NULL,NULL,'31-138-0158','2004-12-22','Активно РЧЦ',' (по данным РЧЦ)','154.050; 154.500; 154.650;'),(132,3,NULL,'ст. Разгрузочная,  г. Губкин, промплощадка ЛГОКа','16Р22С-1Г (Маяк)','СИГНАЛЬЩИК',NULL,NULL,'800030498',10,NULL,NULL,'31-138-0159','2004-12-22','Активно РЧЦ',' (по данным РЧЦ)','154.050; 154.500; 154.650;'),(133,3,'Возимое','ТЭМ-15 №341','72РТМ-А2-ЧМ(ЖР-У-ЛС)','СИГНАЛЬЩИК',NULL,NULL,'35000',10,NULL,NULL,'31-174/0953','2004-12-22','Активно РЧЦ',' (по данным РЧЦ)','154.050; 154.500; 154.650;'),(134,3,'Возимое','ТЭМ-15 №8260','72РТМ-А2-ЧМ(ЖР-У-ЛС)','СИГНАЛЬЩИК',NULL,NULL,'27537',10,NULL,NULL,'31-174/0943','2004-12-22','Активно РЧЦ',' (по данным РЧЦ)','154.050; 154.500; 154.650;'),(135,3,'Возимое','ТЭМ-15 №2353','72РТМ-А2-ЧМ(ЖР-У-ЛС)','СИГНАЛЬЩИК',NULL,NULL,'27609',10,NULL,NULL,'31-174/0946','2004-12-22','Активно РЧЦ',' (по данным РЧЦ)','154.050; 154.500; 154.650;'),(136,3,NULL,'ст. Стойленская, г. Губкин, промплощадка ЛГОКа','11Р22С-3,2','СИГНАЛЬЩИК',NULL,NULL,'25437',10,NULL,NULL,'31-138/0169','2004-12-22','Активно РЧЦ',' (по данным РЧЦ)','154.050; 154.500; 154.650;'),(137,3,NULL,'ст. ЛГОК, г. Губкин, промплощадка ЛГОКа','11Р22С-3,2','СИГНАЛЬЩИК',NULL,NULL,'35953',10,NULL,NULL,'31-138/0170','2004-12-22','Активно РЧЦ',' (по данным РЧЦ)','154.050; 154.500; 154.650;'),(138,3,NULL,'ст. Разгрузочная, г. Губкин, промплощадка ЛГОКа','11Р22С-3,2','СИГНАЛЬЩИК',NULL,NULL,'21361',10,NULL,NULL,'31-138/0165','2004-12-22','Активно РЧЦ',' (по данным РЧЦ)','154.050; 154.500; 154.650;'),(139,3,NULL,'ст. Разгрузочная, г. Губкин, промплощадка ЛГОКа','11Р22С-3,2','СИГНАЛЬЩИК',NULL,NULL,'21371',10,NULL,NULL,'31-138/0166','2004-12-22','Активно РЧЦ',' (по данным РЧЦ)','154.050; 154.500; 154.650;'),(140,3,'Возимое','АГВ-739','16Р22С-1Г (Маяк)','СИГНАЛЬЩИК',NULL,NULL,'483571202',10,'1899-12-30','1899-12-30','31-174/0900','2004-12-22','Активно РЧЦ',' (по данным РЧЦ)','154.650; 154.500; 154.050;'),(141,3,'Возимое','ДГку-4631','16Р22С-1Г (Маяк)','СИГНАЛЬЩИК',NULL,NULL,'5844450396',10,'1899-12-30','1899-12-30','31-174/0903','2004-12-22','Активно РЧЦ',' (по данным РЧЦ)','154.650; 154.500; 154.050;'),(142,3,'Возимое','АДМ-403','16Р22С-1Г (Маяк)','СИГНАЛЬЩИК',NULL,NULL,'46382',10,'1899-12-30','1899-12-30','31-174/0899','2004-12-22','Активно РЧЦ',' (по данным РЧЦ)','154.650; 154.500; 154.050;'),(143,3,'Возимое','АДМ-126','16Р22С-1Г (Маяк)','СИГНАЛЬЩИК',NULL,NULL,'33688088',10,'1899-12-30','1899-12-30','31-174/0898','2004-12-22','Активно РЧЦ',' (по данным РЧЦ)','154.650; 154.500; 154.050;'),(144,3,'Возимое','АДМ-926','16Р22С-1Г (Маяк)','СИГНАЛЬЩИК',NULL,NULL,'873282',10,'1899-12-30','1899-12-30','31-174/0907','2004-12-22','Активно РЧЦ','Повтор (по данным РЧЦ)','154.650; 154.500; 154.050;'),(145,3,'Возимое','АДМ-569','16Р22С-1Г (Маяк)','СИГНАЛЬЩИК',NULL,NULL,'65515',10,'1899-12-30','1899-12-30','31-174/0905','2004-12-22','Активно РЧЦ',' (по данным РЧЦ)','154.650; 154.500; 154.050;'),(146,3,'Возимое','ОПЭ-1 № 55','16Р22С-1Г (Маяк)','СИГНАЛЬЩИК',NULL,NULL,'33579',10,NULL,NULL,'31-174/0895','2004-12-22','Активно РЧЦ',' (по данным РЧЦ)','154.050; 154.500; 154.650;'),(147,3,'Возимое','ОПЭ-1, № 97','16Р22С-1Г (Маяк)','СИГНАЛЬЩИК',NULL,NULL,'120734',10,NULL,NULL,'31-174/0888','2004-12-22','Активно РЧЦ',' (по данным РЧЦ)','154.050; 154.500; 154.650;'),(148,3,'Возимое','ПРМ № 159','16Р22С-1Г (Маяк)','СИГНАЛЬЩИК',NULL,NULL,'3360893',10,'1899-12-30','1899-12-30','31-174/0897','2004-12-22','Активно РЧЦ',' (по данным РЧЦ)','154.650; 154.500; 154.050;'),(149,3,'Возимое','2Т116 № 1232','16Р22С-1Г (Маяк)','СИГНАЛЬЩИК',NULL,NULL,'584425',10,'1899-12-30','1899-12-30','31-174/0901','2004-12-22','Активно РЧЦ',' (по данным РЧЦ)','154.650; 154.500; 154.050;'),(150,3,'Возимое','ТЭМ-15 №348','72РТМ-А2-ЧМ(ЖР-У-ЛС)','СИГНАЛЬЩИК',NULL,NULL,'27540',10,NULL,NULL,'31-174/0944','2004-12-22','Активно РЧЦ',' (по данным РЧЦ)','154.050; 154.500; 154.650;'),(151,3,'Возимое','ТЭМ-2 № 8259','16Р22С-1Г (Маяк)','СИГНАЛЬЩИК',NULL,NULL,'120737',10,NULL,NULL,'31-174/0891','2004-12-22','Активно РЧЦ',' (по данным РЧЦ)','154.050; 154.500; 154.650;'),(152,3,'Возимое','ТЭМ-15 №8996','72РТМ-А2-ЧМ(ЖР-У-ЛС)','СИГНАЛЬЩИК',NULL,NULL,'25239',10,NULL,NULL,'31-174/0938','2004-12-22','Активно РЧЦ',' (по данным РЧЦ)','154.050; 154.500; 154.650;'),(153,3,'Возимое','ТЭМ-15 №78720','72РТМ-А2-ЧМ(ЖР-У-ЛС)','СИГНАЛЬЩИК',NULL,NULL,'25202',10,NULL,NULL,'31-174/0937','2004-12-22','Активно РЧЦ',' (по данным РЧЦ)','154.050; 154.500; 154.650;'),(154,3,'Носимое','носимая','45Р32Н-2 (ВЭБР-160/9)','СИГНАЛЬЩИК',NULL,NULL,'14360999',2,NULL,NULL,'31-174/1001','2004-12-22','Активно РЧЦ',' (по данным РЧЦ)','154.050; 154.500; 154.650;'),(155,3,NULL,'п. Восточный, г. Губкин, промплощадка ЛГОКа','11Р22С-3,2','СИГНАЛЬЩИК',NULL,NULL,'200010',10,NULL,NULL,'31-138/0163','2004-12-22','Активно РЧЦ',' (по данным РЧЦ)','154.050; 154.500; 154.650;'),(156,3,'Возимое','АГВ-897','16Р22С-1Г (Маяк)','СИГНАЛЬЩИК',NULL,NULL,'33581',10,'1899-12-30','1899-12-30','31-174/0896','2004-12-22','Активно РЧЦ','Повтор (по данным РЧЦ)','154.650; 154.500; 154.050;'),(157,3,'Возимое','ОПЭ-1 №35','16Р22С-1Г (Маяк)','СИГНАЛЬЩИК',NULL,NULL,'67877',10,NULL,NULL,'31-174/0906','2004-12-22','Активно РЧЦ',' (по данным РЧЦ)','154.050; 154.500; 154.650;'),(158,3,'Возимое','ОПЭ-1 № 60','16Р22С-1Г (Маяк)','СИГНАЛЬЩИК',NULL,NULL,'181592',10,NULL,NULL,'31-174/0894','2004-12-22','Активно РЧЦ',' (по данным РЧЦ)','154.050; 154.500; 154.650;'),(159,3,'Возимое','ОПЭ-1 № 62','16Р22С-1Г (Маяк)','СИГНАЛЬЩИК',NULL,NULL,'58453',10,NULL,NULL,'31-174/0904','2004-12-22','Активно РЧЦ',' (по данным РЧЦ)','154.050; 154.500; 154.650;'),(160,3,'Возимое','ОПЭ-1 № 65','16Р22С-1Г (Маяк)','СИГНАЛЬЩИК',NULL,NULL,'120738',10,NULL,NULL,'31-174/0892','2004-12-22','Активно РЧЦ',' (по данным РЧЦ)','154.050; 154.500; 154.650;'),(161,3,'Возимое','ПРМ № 319','16Р22С-1Г (Маяк)','СИГНАЛЬЩИК',NULL,NULL,'873282~',10,'1899-12-30','1899-12-30','31-174/0908','2004-12-22','Активно РЧЦ','Повтор (по данным РЧЦ)','154.650; 154.500; 154.050;'),(162,3,'Возимое','ТЭМ-2 № 2179','16Р22С-1Г (Маяк)','СИГНАЛЬЩИК',NULL,NULL,'120735',10,NULL,NULL,'31-174/0889','2004-12-22','Активно РЧЦ',' (по данным РЧЦ)','154.050; 154.500; 154.650;'),(163,3,'Носимое','носимая','45Р32Н-2 (ВЭБР-160/9)','СИГНАЛЬЩИК',NULL,NULL,'4940797',2,NULL,NULL,'31-174/1004','2004-12-22','Активно РЧЦ','Повтор (по данным РЧЦ)','154.050; 154.500; 154.650;'),(164,3,'Носимое','носимая','45Р32Н-2 (ВЭБР-160/9)','СИГНАЛЬЩИК',NULL,NULL,'14100999',2,NULL,NULL,'31-174/0983','2004-12-22','Активно РЧЦ',' (по данным РЧЦ)','154.050; 154.500; 154.650;'),(165,3,'Носимое','носимая','45Р32Н-2 (ВЭБР-160/9)','СИГНАЛЬЩИК',NULL,NULL,'14300999',2,NULL,NULL,'31-174/0994','2004-12-22','Активно РЧЦ',' (по данным РЧЦ)','154.050; 154.500; 154.650;'),(166,3,'Носимое','носимая','45Р32Н-2 (ВЭБР-160/9)','СИГНАЛЬЩИК',NULL,NULL,'14310999',2,NULL,NULL,'31-174/0995','2004-12-22','Активно РЧЦ',' (по данным РЧЦ)','154.050; 154.500; 154.650;'),(167,3,'Носимое','носимая','45Р32Н-2 (ВЭБР-160/9)','СИГНАЛЬЩИК',NULL,NULL,'14340999',2,NULL,NULL,'31-174/0998','2004-12-22','Активно РЧЦ',' (по данным РЧЦ)','154.050; 154.500; 154.650;'),(168,3,'Носимое','носимая','45Р32Н-2 (ВЭБР-160/9)','СИГНАЛЬЩИК',NULL,NULL,'14350988',2,NULL,NULL,'31-174/0999','2004-12-22','Активно РЧЦ',' (по данным РЧЦ)','154.050; 154.500; 154.650;'),(169,3,'Носимое','носимая','45Р32Н-2 (ВЭБР-160/9)','СИГНАЛЬЩИК',NULL,NULL,'14060999',2,NULL,NULL,'31-174/0981','2004-12-22','Активно РЧЦ',' (по данным РЧЦ)','154.050; 154.500; 154.650;'),(170,3,'Носимое','носимая','45Р32Н-2 (ВЭБР-160/9)','СИГНАЛЬЩИК',NULL,NULL,'14170999',2,NULL,NULL,'31-174/0986','2004-12-22','Активно РЧЦ',' (по данным РЧЦ)','154.050; 154.500; 154.650;'),(171,3,'Носимое','носимая','45Р32Н-2 (ВЭБР-160/9)','СИГНАЛЬЩИК',NULL,NULL,'14180999',2,NULL,NULL,'31-174/0987','2004-12-22','Активно РЧЦ',' (по данным РЧЦ)','154.050; 154.500; 154.650;'),(172,3,NULL,'ст. Брикетная, г. Губкин, промплощадка ЛГОКа','23РТH-2-ЧМ(Сирена)','СИГНАЛЬЩИК',NULL,NULL,'4457',10,NULL,NULL,'31-138/0171','2004-12-22','Активно РЧЦ',' (по данным РЧЦ)','154.050; 154.500; 154.650;'),(173,3,'Возимое','ТЭМ-15 №813','72РТМ-А2-ЧМ(ЖР-У-ЛС)','СИГНАЛЬЩИК',NULL,NULL,'44290',10,NULL,NULL,'31-174/0959','2004-12-22','Активно РЧЦ',' (по данным РЧЦ)','154.050; 154.500; 154.650;'),(174,3,'Носимое','носимая','Motorola P080','СИГНАЛЬЩИК',NULL,NULL,'422HCQ148',2,NULL,NULL,'31-174/0910','2004-12-22','Активно РЧЦ',' (по данным РЧЦ)','154.050; 154.500; 154.650;'),(175,3,'Носимое','носимая','Motorola P080','СИГНАЛЬЩИК',NULL,NULL,'422HCSU149',2,NULL,NULL,'31-174/0919','2004-12-22','Активно РЧЦ',' (по данным РЧЦ)','154.050; 154.500; 154.650;'),(176,3,'Носимое','носимая','Motorola P080','СИГНАЛЬЩИК',NULL,NULL,'422HCQB397',2,NULL,NULL,'31-174/0914','2004-12-22','Активно РЧЦ',' (по данным РЧЦ)','154.050; 154.500; 154.650;'),(177,3,'Носимое','носимая','Motorola P080','СИГНАЛЬЩИК',NULL,NULL,'422HCQB399',2,NULL,NULL,'31-174/0915','2004-12-22','Активно РЧЦ',' (по данным РЧЦ)','154.050; 154.500; 154.650;'),(178,3,'Носимое','носимая','Motorola P080','СИГНАЛЬЩИК',NULL,NULL,'422HCQB412',2,NULL,NULL,'31-174/0916','2004-12-22','Активно РЧЦ',' (по данным РЧЦ)','154.050; 154.500; 154.650;'),(179,3,'Носимое','носимая','Motorola P080','СИГНАЛЬЩИК',NULL,NULL,'422HCQ8563',2,NULL,NULL,'31-174/0912','2004-12-22','Активно РЧЦ',' (по данным РЧЦ)','154.050; 154.500; 154.650;'),(180,3,'Носимое','носимая','Motorola P080','СИГНАЛЬЩИК',NULL,NULL,'422HCQB542',2,NULL,NULL,'31-174/0917','2004-12-22','Активно РЧЦ',' (по данным РЧЦ)','154.050; 154.500; 154.650;'),(181,3,'Носимое','носимая','Motorola P080','СИГНАЛЬЩИК',NULL,NULL,'422HCQB543',2,NULL,NULL,'31-174/0918','2004-12-22','Активно РЧЦ',' (по данным РЧЦ)','154.050; 154.500; 154.650;'),(182,3,'Носимое','носимая','Motorola P080','СИГНАЛЬЩИК',NULL,NULL,'422HCQ4959',2,NULL,NULL,'31-174/0911','2004-12-22','Активно РЧЦ',' (по данным РЧЦ)','154.050; 154.500; 154.650;'),(183,3,'Носимое','носимая','Motorola GP-300','СИГНАЛЬЩИК',NULL,NULL,'174IXSJ493',2,NULL,NULL,NULL,'1899-12-30','Активно РЧЦ',' (по данным РЧЦ)','154.050; 154.500; 154.650;'),(184,3,'Носимое','носимая','Motorola GP-300','СИГНАЛЬЩИК',NULL,NULL,'174IZC0740',2,NULL,NULL,NULL,'1899-12-30','Активно РЧЦ',' (по данным РЧЦ)','154.050; 154.500; 154.650;'),(185,3,'Носимое','носимая','Motorola GP-300','СИГНАЛЬЩИК',NULL,NULL,'174IYA1936',2,NULL,NULL,NULL,'1899-12-30','Активно РЧЦ',' (по данным РЧЦ)','154.050; 154.500; 154.650;'),(186,3,'Носимое','носимая','45Р32Н-2 (ВЭБР-160/9)','СИГНАЛЬЩИК',NULL,NULL,'123445',2,NULL,NULL,'31-174/0980','2004-12-22','Активно РЧЦ',' (по данным РЧЦ)','154.050; 154.500; 154.650;'),(187,3,'Носимое','носимая','45Р32Н-2 (ВЭБР-160/9)','СИГНАЛЬЩИК',NULL,NULL,'4890797',2,NULL,NULL,'31-174/1003','2004-12-22','Активно РЧЦ',' (по данным РЧЦ)','154.050; 154.500; 154.650;'),(188,3,'Носимое','носимая','45Р32Н-2 (ВЭБР-160/9)','СИГНАЛЬЩИК',NULL,NULL,'14220999',2,NULL,NULL,'31-174/0989','2004-12-22','Активно РЧЦ',' (по данным РЧЦ)','154.050; 154.500; 154.650;'),(189,3,'Носимое','носимая','45Р32Н-2 (ВЭБР-160/9)','СИГНАЛЬЩИК',NULL,NULL,'14090999',2,NULL,NULL,'31-174/0982','2004-12-22','Активно РЧЦ',' (по данным РЧЦ)','154.050; 154.500; 154.650;'),(190,3,'Возимое','ТЭМ-15 №816','72РТМ-А2-ЧМ(ЖР-У-ЛС)','СИГНАЛЬЩИК',NULL,NULL,'34647',10,NULL,NULL,'31-174/0949','2004-12-22','Активно РЧЦ',' (по данным РЧЦ)','154.050; 154.500; 154.650;'),(191,3,'Возимое','ТЭМ-15 №494','72РТМ-А2-ЧМ(ЖР-У-ЛС)','СИГНАЛЬЩИК',NULL,NULL,'31081',10,NULL,NULL,'31-174/0948','2004-12-22','Активно РЧЦ',' (по данным РЧЦ)','154.050; 154.500; 154.650;'),(192,3,'Возимое','ТЭМ-15 №2658','72РТМ-А2-ЧМ(ЖР-У-ЛС)','СИГНАЛЬЩИК',NULL,NULL,'11905',10,NULL,NULL,'31-174/0920','2004-12-22','Активно РЧЦ',' (по данным РЧЦ)','154.050; 154.500; 154.650;'),(193,3,'Носимое','носимая','11Р32H-1(Транспорт-H)','СИГНАЛЬЩИК',NULL,NULL,'980006',1,NULL,NULL,'31-174/0909','2004-12-22','Активно РЧЦ',' (по данным РЧЦ)','154.050; 154.500; 154.650;'),(194,3,'Носимое','носимая','45Р32Н-2 (ВЭБР-160/9)','СИГНАЛЬЩИК',NULL,NULL,'14190999',2,NULL,NULL,'31-174/0988','2004-12-22','Активно РЧЦ',' (по данным РЧЦ)','154.050; 154.500; 154.650;'),(195,3,'Носимое','носимая','45Р32Н-2 (ВЭБР-160/9)','СИГНАЛЬЩИК',NULL,NULL,'14320999',2,NULL,NULL,'31-174/0996','2004-12-22','Активно РЧЦ',' (по данным РЧЦ)','154.050; 154.500; 154.650;'),(196,3,'Носимое','носимая','45Р32Н-2 (ВЭБР-160/9)','СИГНАЛЬЩИК',NULL,NULL,'4940797~',2,NULL,NULL,NULL,'1899-12-30','Активно РЧЦ','Повтор (по данным РЧЦ)','154.050; 154.500; 154.650;'),(197,3,'Носимое','носимая','45Р32Н-2 (ВЭБР-160/9)','СИГНАЛЬЩИК',NULL,NULL,'14160999',2,NULL,NULL,'31-174/0985','2004-12-22','Активно РЧЦ',' (по данным РЧЦ)','154.050; 154.500; 154.650;'),(198,3,'Носимое','носимая','45Р32Н-2 (ВЭБР-160/9)','СИГНАЛЬЩИК',NULL,NULL,'14227999',2,NULL,NULL,'31-174/0990','2004-12-22','Активно РЧЦ',' (по данным РЧЦ)','154.050; 154.500; 154.650;'),(199,3,'Носимое','носимая','45Р32Н-2 (ВЭБР-160/9)','СИГНАЛЬЩИК',NULL,NULL,'14330999',2,NULL,NULL,'31-174/0997','2004-12-22','Активно РЧЦ',' (по данным РЧЦ)','154.050; 154.500; 154.650;'),(200,3,'Носимое','носимая','45Р32Н-2 (ВЭБР-160/9)','СИГНАЛЬЩИК',NULL,NULL,'14260999',2,NULL,NULL,'31-174/0992','2004-12-22','Активно РЧЦ',' (по данным РЧЦ)','154.050; 154.500; 154.650;'),(201,3,'Носимое','носимая','45Р32Н-2 (ВЭБР-160/9)','СИГНАЛЬЩИК',NULL,NULL,'14360988',2,NULL,NULL,'31-174/1000','2004-12-22','Активно РЧЦ',' (по данным РЧЦ)','154.050; 154.500; 154.650;'),(202,3,'Носимое','носимая','45Р32Н-2 (ВЭБР-160/9)','СИГНАЛЬЩИК',NULL,NULL,'14240999',2,NULL,NULL,'31-174/0991','2004-12-22','Активно РЧЦ',' (по данным РЧЦ)','154.050; 154.500; 154.650;'),(203,3,'Носимое','носимая','45Р32Н-2 (ВЭБР-160/9)','СИГНАЛЬЩИК',NULL,NULL,'14290999',2,NULL,NULL,'31-174/0993','2004-12-22','Активно РЧЦ',' (по данным РЧЦ)','154.050; 154.500; 154.650;'),(204,3,'Носимое','носимая','45Р32Н-2 (ВЭБР-160/9)','СИГНАЛЬЩИК',NULL,NULL,'4850797',2,NULL,NULL,'31-174/1002','2004-12-22','Активно РЧЦ',' (по данным РЧЦ)','154.050; 154.500; 154.650;'),(205,3,'Носимое','носимая','45Р32Н-2 (ВЭБР-160/9)','СИГНАЛЬЩИК',NULL,NULL,'14150999',2,NULL,NULL,'31-174/0984','2004-12-22','Активно РЧЦ',' (по данным РЧЦ)','154.050; 154.500; 154.650;'),(206,8,'Носимое','носимая','Motorola GP-300',NULL,NULL,NULL,'174IYA2937',2,'1899-12-30','1899-12-30','31-174/1007','2004-12-22','Активно РЧЦ',' (по данным РЧЦ)','154.100;'),(207,8,'Носимое','носимая','Motorola GP-300','СИГНАЛЬЩИК',NULL,NULL,'174IYA2265',2,'1899-12-30','1899-12-30','31-174/1006','2004-12-22','Активно РЧЦ',' (по данным РЧЦ)','154.100;'),(208,3,'Носимое','носимая','Motorola GP-300','БАЙКАЛ',NULL,NULL,'174IYZ1237',2,NULL,NULL,'31-174/1009','2004-12-22','Активно РЧЦ',' (по данным РЧЦ)','154.450;'),(209,3,'Носимое','носимая','Motorola GP-300','БАЙКАЛ',NULL,NULL,'174IYV2567',2,NULL,NULL,'31-174/1009','2004-12-22','Активно РЧЦ',' (по данным РЧЦ)','154.450;'),(210,8,'Носимое','носимая','Motorola GP-300','ЗВЕЗДА',NULL,NULL,'422TAS2211',2,'1899-12-30','1899-12-30','31-174/03115','2007-01-01','Активно РЧЦ',' (по данным РЧЦ)','156.325/161.325;'),(211,8,'Носимое','носимая','Motorola GP-300','ЗВЕЗДА',NULL,NULL,'422TAS2394',2,'1899-12-30','1899-12-30','31-174/03113','2007-01-01','Активно РЧЦ',' (по данным РЧЦ)','156.325/161.325;'),(212,8,'Носимое','носимая','Motorola GP-300','ЗВЕЗДА',NULL,NULL,'422TAS2348',2,'1899-12-30','1899-12-30','31-174/03116','2007-01-01','Активно РЧЦ',' (по данным РЧЦ)','156.325/161.325;'),(213,8,'Носимое','носимая','Motorola GP-300','ЗВЕЗДА',NULL,NULL,'422TAS1915',2,'1899-12-30','1899-12-30','31-174/03114','2007-01-01','Активно РЧЦ',' (по данным РЧЦ)','156.325/161.325;'),(214,8,'Носимое','носимая','GP-68 (UHF)','ЗВЕЗДА',NULL,NULL,'477TXS0804',2,'1899-12-30','1899-12-30','31-174/03119','2007-01-01','Активно РЧЦ',' (по данным РЧЦ)','156.375/161.375;'),(215,8,'Носимое','носимая','GP-68 (UHF)','ЗВЕЗДА',NULL,NULL,'477TXS0898',2,'1899-12-30','1899-12-30','31-174/03120','2007-01-01','Активно РЧЦ',' (по данным РЧЦ)','156.375/161.375;'),(216,8,'Носимое','носимая','Motorola P080','ЗВЕЗДА',NULL,NULL,'422TAS1368',2,'1899-12-30','1899-12-30','31-174/03108','2007-01-01','Активно РЧЦ',' (по данным РЧЦ)','156.375/161.375;'),(217,8,'Носимое','носимая','Motorola P080','ЗВЕЗДА',NULL,NULL,'422TAS2533',2,'1899-12-30','1899-12-30','31-174/03117','2007-01-01','Активно РЧЦ',' (по данным РЧЦ)','156.375/161.375;'),(218,8,'Носимое','носимая','Motorola GP-300','ЗВЕЗДА',NULL,NULL,'174IXYJ256',2,'1899-12-30','1899-12-30','31-174/03101','2007-01-01','Активно РЧЦ',' (по данным РЧЦ)','156.425/161.425;'),(219,8,'Носимое','носимая','Motorola GP-300','ЗВЕЗДА',NULL,NULL,'174IXYJ239',2,'1899-12-30','1899-12-30','31-174/03103','2007-01-01','Активно РЧЦ',' (по данным РЧЦ)','156.425/161.425;'),(220,8,'Носимое','носимая','Motorola GP-300','ЗВЕЗДА',NULL,NULL,'174IXYJ321',2,'1899-12-30','1899-12-30','31-174/03097','2007-01-01','Активно РЧЦ',' (по данным РЧЦ)','156.425/161.425;'),(221,8,'Носимое','носимая','Motorola GP-300','ЗВЕЗДА',NULL,NULL,'174IXYJ331',2,'1899-12-30','1899-12-30','31-174/03098','2007-01-01','Активно РЧЦ',' (по данным РЧЦ)','156.425/161.425;'),(222,8,'Носимое','носимая','Motorola GP-300','ЗВЕЗДА',NULL,NULL,'174IXYJ365',2,'1899-12-30','1899-12-30','31-174/03100','2007-01-01','Активно РЧЦ',' (по данным РЧЦ)','156.425/161.425;'),(223,8,'Носимое','носимая','Motorola GP-300','ЗВЕЗДА',NULL,NULL,'174IXYJ369',2,'1899-12-30','1899-12-30','31-174/03104','2007-01-01','Активно РЧЦ',' (по данным РЧЦ)','156.425/161.425;'),(224,8,'Носимое','носимая','Motorola GP-300','ЗВЕЗДА',NULL,NULL,'174IXYJ415',2,'1899-12-30','1899-12-30','31-174/03099','2007-01-01','Активно РЧЦ',' (по данным РЧЦ)','156.425/161.425;'),(225,8,'Носимое','носимая','Motorola GP-300','ЗВЕЗДА',NULL,NULL,'174IXYJ456',2,'1899-12-30','1899-12-30','31-174/03102','2007-01-01','Активно РЧЦ',' (по данным РЧЦ)','156.425/161.425;'),(226,8,'Носимое','носимая','Motorola GP-300','ЗВЕЗДА',NULL,NULL,'174IXYJ329',2,'1899-12-30','1899-12-30','31-174/03111','2007-01-01','Активно РЧЦ',' (по данным РЧЦ)','156.450/161.450;'),(227,8,'Носимое','носимая','Motorola GP-300','ЗВЕЗДА',NULL,NULL,'174IXYJ394',2,'1899-12-30','1899-12-30','31-174/03107','2007-01-01','Активно РЧЦ',' (по данным РЧЦ)','156.450/161.450;'),(228,8,'Носимое','носимая','Motorola GP-300','ЗВЕЗДА',NULL,NULL,'174IXYJ411',2,'1899-12-30','1899-12-30','31-174/03105','2007-01-01','Активно РЧЦ',' (по данным РЧЦ)','156.450/161.450;'),(229,8,'Носимое','носимая','Motorola GP-300','ЗВЕЗДА',NULL,NULL,'174IXYJ495',2,'1899-12-30','1899-12-30','31-174/03108','2007-01-01','Активно РЧЦ',' (по данным РЧЦ)','156.450/161.450;'),(230,8,'Носимое','носимая','Motorola GP-300','ЗВЕЗДА',NULL,NULL,'174IXYJ426',2,'1899-12-30','1899-12-30','31-174/03109','2007-01-01','Активно РЧЦ',' (по данным РЧЦ)','156.450/161.450;'),(231,8,'Носимое','носимая','Motorola GP-300','ЗВЕЗДА',NULL,NULL,'174IXYJ417',2,'1899-12-30','1899-12-30','31-174/03110','2007-01-01','Активно РЧЦ',' (по данным РЧЦ)','156.450/161.450;'),(232,8,'Носимое','носимая','Motorola GP-300','ЗВЕЗДА',NULL,NULL,'174IXYJ429',2,'1899-12-30','1899-12-30','31-174/03112','2007-01-01','Активно РЧЦ',' (по данным РЧЦ)','156.450/161.450;'),(233,8,'Носимое','носимая','Motorola GP-300','ЗВЕЗДА',NULL,NULL,'174IXYJ511',2,'1899-12-30','1899-12-30','31-174/03106','2007-01-01','Активно РЧЦ',' (по данным РЧЦ)','156.450/161.450;'),(234,8,NULL,'Промплощадка ЛГОК (ЛГОК)','Motorola GM-350','ЗВЕЗДА',NULL,NULL,'821TDN1205; 821TDN1206',10,'1899-12-30','1899-12-30','31-138/0387','2007-01-01','Активно РЧЦ',' (по данным РЧЦ)','156.325/161.325;'),(235,8,NULL,'Промплощадка ЛГОК (ЛГОК)','Motorola GM-350','ЗВЕЗДА',NULL,NULL,'821TDN1207; 821IXC1732',10,'1899-12-30','1899-12-30','31-138/0388','2007-01-01','Активно РЧЦ',' (по данным РЧЦ)','156.375/161.375;'),(236,8,NULL,'г. Старый Оскол','Motorola GM-350','ЗВЕЗДА',NULL,NULL,'821IXA5665',40,'1899-12-30','1899-12-30','31-054','2007-01-01','Активно РЧЦ',' (по данным РЧЦ)','156.425/161.425;'),(237,8,NULL,'г. Старый Оскол','Motorola GM-350','ЗВЕЗДА',NULL,NULL,'821IXG2676',40,'1899-12-30','1899-12-30','31-055','2007-01-01','Активно РЧЦ',' (по данным РЧЦ)','156.450/161.450;'),(238,21,NULL,'УБ, г. Губкин, \"Лебединский ГОК\"','Motorola GM-350','КАУЧУК',NULL,NULL,'821ШНУ1901',10,'1899-12-30','1899-12-30',NULL,'1899-12-30','Активно РЧЦ',' (по данным РЧЦ)','164.625;'),(239,21,NULL,'Рудстрой, г. Губкин, \"Лебединский ГОК\"','16Р22В-1(Маяк)','КАУЧУК',NULL,NULL,'271391088',10,'1899-12-30','1899-12-30',NULL,'1899-12-30','Активно РЧЦ',' (по данным РЧЦ)','164.625;'),(240,21,'Возимое','ВАЗ С688АР','Motorola GM-350','КАУЧУК',NULL,NULL,'821IYE4965',10,'1899-12-30','1899-12-30',NULL,'1899-12-30','Активно РЧЦ',' (по данным РЧЦ)','164.625;'),(241,21,'Возимое','ВАЗ №В436ХО','Motorola GM-350','КАУЧУК',NULL,NULL,'821IYE4592',10,'1899-12-30','1899-12-30',NULL,'1899-12-30','Активно РЧЦ',' (по данным РЧЦ)','164.625;'),(242,21,'Возимое','ГАЗ №А097ХО','16Р22В-1(Маяк)','КАУЧУК',NULL,NULL,'2665731088',10,'1899-12-30','1899-12-30',NULL,'1899-12-30','Активно РЧЦ',' (по данным РЧЦ)','164.625;'),(243,21,'Возимое','ГАЗ №С014СС','16Р22В-1(Маяк)','КАУЧУК',NULL,NULL,'2666711088',10,'1899-12-30','1899-12-30',NULL,'1899-12-30','Активно РЧЦ',' (по данным РЧЦ)','164.625;'),(244,21,'Носимое','носимая','Motorola P080','КАУЧУК',NULL,NULL,'422НСО220',2,'1899-12-30','1899-12-30',NULL,'1899-12-30','Активно РЧЦ',' (по данным РЧЦ)','164.625;'),(245,21,'Носимое','носимая','Motorola P080','КАУЧУК',NULL,NULL,'422HCJV408',2,'1899-12-30','1899-12-30',NULL,'1899-12-30','Активно РЧЦ',' (по данным РЧЦ)','164.625;'),(246,21,'Носимое','носимая','Motorola P080','КАУЧУК',NULL,NULL,'422TAC4566',2,'1899-12-30','1899-12-30',NULL,'1899-12-30','Активно РЧЦ',' (по данным РЧЦ)','164.625;'),(247,13,'Стационарное','Промплощадка ЛГОК (ЛГОК)','16Р22С-1(Маяк-С)','КАУЧУК',NULL,NULL,'348460492',10,'1899-12-30','1899-12-30','31-174/0179','2008-12-22','Активно РЧЦ',' (по данным РЧЦ)','164.675; 164.650;'),(248,13,'Стационарное','Промплощадка ЛГОК (ЛГОК)','16Р22С-1(Маяк-С)','КАУЧУК',NULL,NULL,'323600591',10,'1899-12-30','1899-12-30','31-174/0174','2008-12-22','Активно РЧЦ',' (по данным РЧЦ)','164.650; 164.675;'),(249,13,'Стационарное','г. Губкин, промплощадка ЛГОКа','16Р22С-1(Маяк-С)','КАУЧУК',NULL,NULL,'377140893',10,'1899-12-30','1899-12-30','31-174/0182','2008-12-22','Активно РЧЦ',' (по данным РЧЦ)','164.650; 164.675;'),(250,13,'Стационарное','г. Губкин, промплощадка ЛГОКа','16Р22С-1(Маяк-С)','КАУЧУК',NULL,NULL,'347760793',10,'1899-12-30','1899-12-30','31-174/0177','2008-12-22','Активно РЧЦ',' (по данным РЧЦ)','164.650; 164.675;'),(251,13,'Стационарное','г. Губкин, промплощадка ЛГОКа','16Р22С-1(Маяк-С)','КАУЧУК',NULL,NULL,'377060893',10,'1899-12-30','1899-12-30','31-174/0181','2008-12-22','Активно РЧЦ',' (по данным РЧЦ)','164.650; 164.675;'),(252,13,'Стационарное','г. Губкин, промплощадка ЛГОКа','16Р22С-1(Маяк-С)','КАУЧУК',NULL,NULL,'339030192',10,'1899-12-30','1899-12-30','31-174/0175','2008-12-22','Активно РЧЦ',' (по данным РЧЦ)','164.650; 164.675;'),(253,13,'Стационарное','г. Губкин, промплощадка ЛГОКа','16Р22С-1(Маяк-С)','КАУЧУК',NULL,NULL,'365121090',10,'1899-12-30','1899-12-30','31-174/0180','2008-12-22','Активно РЧЦ',' (по данным РЧЦ)','164.650; 164.675;'),(254,13,'Стационарное','г. Губкин, промплощадка ЛГОКа','16Р22С-1(Маяк-С)','КАУЧУК',NULL,NULL,'348120793',10,'1899-12-30','1899-12-30','31-174/0178','2008-12-22','Активно РЧЦ',' (по данным РЧЦ)','164.650; 164.675;'),(255,13,'Стационарное','г. Губкин, промплощадка ЛГОКа','16Р22С-1(Маяк-С)','КАУЧУК',NULL,NULL,'346590192',10,'1899-12-30','1899-12-30','31-174/0176','2008-12-22','Активно РЧЦ',' (по данным РЧЦ)','164.650; 164.675;'),(256,13,'Стационарное','г. Губкин, промплощадка ЛГОКа','16Р22С-1(Маяк-С)','КАУЧУК',NULL,NULL,'273741088',10,'1899-12-30','1899-12-30','31-174/0172','2008-12-22','Активно РЧЦ',' (по данным РЧЦ)','164.650; 164.675;'),(257,13,'Стационарное','г. Губкин, промплощадка ЛГОКа','16Р22С-1(Маяк-С)','КАУЧУК',NULL,NULL,'279931088',10,'1899-12-30','1899-12-30','31-174/0173','2008-12-22','Активно РЧЦ',' (по данным РЧЦ)','164.650; 164.675;'),(258,13,'Стационарное','г. Губкин, промплощадка ЛГОКа','45Р32Н-2 (ВЭБР-160/9)','КАУЧУК',NULL,NULL,'32231200',10,'1899-12-30','1899-12-30','31-174/0184','2008-12-22','Активно РЧЦ',' (по данным РЧЦ)','164.650; 164.675;'),(259,13,'Стационарное','г. Губкин, промплощадка ЛГОКа','45Р32Н-2 (ВЭБР-160/9)','КАУЧУК',NULL,NULL,'24470600',10,'1899-12-30','1899-12-30','31-174/0183','2008-12-22','Активно РЧЦ',' (по данным РЧЦ)','164.650; 164.675;'),(260,13,'Носимое','носимая','Motorola GP-300','КАУЧУК',NULL,NULL,'174IXSJ375',2,'1899-12-30','1899-12-30','31-174/1016','2008-12-22','Активно РЧЦ',' (по данным РЧЦ)','164.675; 164.650;'),(261,13,'Носимое','носимая','45Р32Н-2 (ВЭБР-160/9)','КАУЧУК',NULL,NULL,'12500799',2,'1899-12-30','1899-12-30','31-174/1010','2008-12-22','Активно РЧЦ',' (по данным РЧЦ)','164.675; 164.650;'),(262,13,'Носимое','носимая','45Р32Н-2 (ВЭБР-160/9)','КАУЧУК',NULL,NULL,'12610799',2,'1899-12-30','1899-12-30','31-174/1013','2008-12-22','Активно РЧЦ',' (по данным РЧЦ)','164.675; 164.650;'),(263,13,'Носимое','носимая','45Р32Н-2 (ВЭБР-160/9)','КАУЧУК',NULL,NULL,'12630799',2,'1899-12-30','1899-12-30','31-174/1014','2008-12-22','Активно РЧЦ',' (по данным РЧЦ)','164.675; 164.650;'),(264,13,'Носимое','носимая','45Р32Н-2 (ВЭБР-160/9)','КАУЧУК',NULL,NULL,'12570799',2,'1899-12-30','1899-12-30','31-174/1011','2008-12-22','Активно РЧЦ',' (по данным РЧЦ)','164.675; 164.650;'),(265,13,'Носимое','носимая','45Р32Н-2 (ВЭБР-160/9)','КАУЧУК',NULL,NULL,'32291200',2,'1899-12-30','1899-12-30','31-174/1015','2008-12-22','Активно РЧЦ',' (по данным РЧЦ)','164.675; 164.650;'),(266,13,'Носимое','носимая','45Р32Н-2 (ВЭБР-160/9)','КАУЧУК',NULL,NULL,'12590799',2,'1899-12-30','1899-12-30','31-174/1012','2008-12-22','Активно РЧЦ',' (по данным РЧЦ)','164.675; 164.650;'),(267,13,'Возимое','КАМАЗ №96-00 БЕР','16Р22В-1(Маяк)','КАУЧУК',NULL,NULL,'528360292',10,'1899-12-30','1899-12-30','31-174/1018','2008-12-22','Активно РЧЦ',' (по данным РЧЦ)','164.675; 164.650;'),(268,13,'Носимое','носимая','Motorola GP-300','КАУЧУК',NULL,NULL,'174IZJB462',2,'1899-12-30','1899-12-30','31-174/1017','2008-12-22','Активно РЧЦ',' (по данным РЧЦ)','164.675; 164.650;'),(269,13,'Возимое','УАЗ 469 №А420ОН','45Р32Н-2 (ВЭБР-160/9)','ИСКАТЕЛЬ',NULL,NULL,'56020803',10,NULL,NULL,'31-174/1165','2004-12-18','Активно РЧЦ',' (по данным РЧЦ)','164.650; 164.675; 164.875; 164.950;'),(270,13,'Возимое','УАЗ 469 № С920РЕ','45Р32Н-2 (ВЭБР-160/9)','ИСКАТЕЛЬ',NULL,NULL,'55910803',10,NULL,NULL,'31-174/1164','2004-12-18','Активно РЧЦ',' (по данным РЧЦ)','164.650; 164.675; 164.875; 164.950;'),(271,13,NULL,'МПТ-6 № 084','45Р32Н-2 (ВЭБР-160/9)','ИСКАТЕЛЬ',NULL,NULL,'55970803',10,NULL,NULL,'31-174/1162','2004-12-18','Активно РЧЦ',' (по данным РЧЦ)','164.650; 164.675; 164.875; 164.950;'),(272,13,NULL,'МСШУ-5 № 10','45Р32Н-2 (ВЭБР-160/9)','ИСКАТЕЛЬ',NULL,NULL,'55960803',10,NULL,NULL,'31-174/1163','2004-12-18','Активно РЧЦ',' (по данным РЧЦ)','164.650; 164.675; 164.875; 164.950;'),(273,13,'Носимое','носимая','45Р32Н-2 (ВЭБР-160/9)','ИСКАТЕЛЬ',NULL,NULL,'56000803',2,NULL,NULL,'31-174/1169','2004-12-18','Активно РЧЦ',' (по данным РЧЦ)','164.650; 164.675; 164.875; 164.950;'),(274,13,'Носимое','носимая','45Р32Н-2 (ВЭБР-160/9)','ИСКАТЕЛЬ',NULL,NULL,'56010803',2,NULL,NULL,'31-174/1167','2004-12-18','Активно РЧЦ',' (по данным РЧЦ)','164.650; 164.675; 164.875; 164.950;'),(275,13,'Носимое','носимая','45Р32Н-2 (ВЭБР-160/9)','ИСКАТЕЛЬ',NULL,NULL,'55920803',2,NULL,NULL,'31-174/1166','2004-12-18','Активно РЧЦ',' (по данным РЧЦ)','164.650; 164.675; 164.875; 164.950;'),(276,13,'Носимое','носимая','45Р32Н-2 (ВЭБР-160/9)','ИСКАТЕЛЬ',NULL,NULL,'55930803',2,NULL,NULL,'31-174/1172','2004-12-18','Активно РЧЦ',' (по данным РЧЦ)','164.650; 164.675; 164.875; 164.950;'),(277,13,'Носимое','носимая','45Р32Н-2 (ВЭБР-160/9)','ИСКАТЕЛЬ',NULL,NULL,'55940809',2,NULL,NULL,'31-174/1171','2004-12-18','Активно РЧЦ',' (по данным РЧЦ)','164.650; 164.675; 164.875; 164.950;'),(278,13,'Носимое','носимая','45Р32Н-2 (ВЭБР-160/9)','ИСКАТЕЛЬ',NULL,NULL,'55950803',2,NULL,NULL,'31-174/1173','2004-12-18','Активно РЧЦ',' (по данным РЧЦ)','164.650; 164.675; 164.875; 164.950;'),(279,13,'Носимое','носимая','45Р32Н-2 (ВЭБР-160/9)','ИСКАТЕЛЬ',NULL,NULL,'55980803',2,NULL,NULL,'31-174/1170','2004-12-18','Активно РЧЦ',' (по данным РЧЦ)','164.650; 164.675; 164.875; 164.950;'),(280,13,'Носимое','носимая','45Р32Н-2 (ВЭБР-160/9)','ИСКАТЕЛЬ',NULL,NULL,'55990803',2,NULL,NULL,'31-174/1168','2004-12-18','Активно РЧЦ',' (по данным РЧЦ)','164.650; 164.675; 164.875; 164.950;'),(281,7,NULL,'ПС Тяговая 1, г. Губкин, промплощадка ЛГОКа','16Р22В-1(Маяк)','КАУЧУК',NULL,NULL,'36443',10,NULL,NULL,'31-138/0190','2008-12-17','Активно РЧЦ',' (по данным РЧЦ)','164.675;'),(282,7,NULL,'ПС Лебеди 330, г. Губкин, Промплощадка ЛГОКа','16Р22В-1(Маяк)','КАУЧУК',NULL,NULL,'904401192',10,NULL,NULL,'31-138/0195','2008-12-17','Активно РЧЦ',' (по данным РЧЦ)','164.675;'),(283,7,NULL,'ПС 4, г. Губкин, промплощадка ЛГОКа','16Р22В-1(Маяк)','КАУЧУК',NULL,NULL,'37776',10,NULL,NULL,'31-138/0194','2008-12-17','Активно РЧЦ',' (по данным РЧЦ)','164.675;'),(284,7,NULL,'ПС 5, г. Губкин, промплощадка ЛГОКа','16Р22В-1(Маяк)','КАУЧУК',NULL,NULL,'36566',10,NULL,NULL,'31-138/0191','2008-12-17','Активно РЧЦ',' (по данным РЧЦ)','164.675;'),(285,7,NULL,'ПС 9, г. Губкин, промплощадка ЛГОКа','16Р22В-1(Маяк)','КАУЧУК',NULL,NULL,'37714',10,NULL,NULL,'31-138/0192','2008-12-17','Активно РЧЦ',' (по данным РЧЦ)','164.675;'),(286,7,NULL,'ПС 10, г. Губкин, промплощадка ЛГОКа','16Р22В-1(Маяк)','КАУЧУК',NULL,NULL,'33903',10,NULL,NULL,'31-138/0187','2008-12-17','Активно РЧЦ',' (по данным РЧЦ)','164.675;'),(287,7,NULL,'ПС 11, г. Губкин, промплощадка ЛГОКа','16Р22В-1(Маяк)','КАУЧУК',NULL,NULL,'27993',10,NULL,NULL,'31-138/0186','2008-12-17','Активно РЧЦ',' (по данным РЧЦ)','164.675;'),(288,7,NULL,'ПС 136, г. Губкин, промплощадка ЛГОКа','16Р22В-1(Маяк)','КАУЧУК',NULL,NULL,'35081',10,NULL,NULL,'31-138/0189','2008-12-17','Активно РЧЦ',' (по данным РЧЦ)','164.675;'),(289,7,NULL,'ПС 3, г. Губкин, промплощадка ЛГОКа','16Р22В-1(Маяк)','КАУЧУК',NULL,NULL,'34776',10,NULL,NULL,'31-138/0188','2008-12-17','Активно РЧЦ',' (по данным РЧЦ)','164.675;'),(290,7,NULL,'ПС 1 подьём, г. Губкин, промплощадка ЛГОКа','16Р22В-1(Маяк)','КАУЧУК',NULL,NULL,'27961088',10,NULL,NULL,'31-138/0185','2008-12-17','Активно РЧЦ',' (по данным РЧЦ)','164.675;'),(291,7,NULL,'энергодиспетчер, г. Губкин, промплощадка ЛГОКа','16Р22В-1(Маяк)','КАУЧУК',NULL,NULL,'953940593',10,NULL,NULL,'31-138/0196','2008-12-17','Активно РЧЦ',' (по данным РЧЦ)','164.675;'),(292,7,NULL,'участок ЛЭП, г. Губкин, промплощадка ЛГОКа','16Р22В-1(Маяк)','КАУЧУК',NULL,NULL,'37790893',10,NULL,NULL,'31-138/0194','2008-12-17','Активно РЧЦ',' (по данным РЧЦ)','164.675;'),(293,7,'Возимое','ЗИЛ №09-29 АОС','16Р22В-1(Маяк)','КАУЧУК',NULL,NULL,'271681088',10,NULL,NULL,'31-174/1024','2008-12-17','Активно РЧЦ',' (по данным РЧЦ)','164.675;'),(294,7,'Возимое','ЗИЛ №18-87 БЕР','16Р22В-1(Маяк)','КАУЧУК',NULL,NULL,'234041187',10,NULL,NULL,'31-174/1023','2008-12-17','Активно РЧЦ',' (по данным РЧЦ)','164.675;'),(295,7,'Возимое','ГАЗ №18-15 БЕР','16Р22В-1(Маяк)','КАУЧУК',NULL,NULL,'1032101191',10,NULL,NULL,'31-174/1019','2008-12-17','Активно РЧЦ',' (по данным РЧЦ)','164.675;'),(296,7,'Возимое','ГАЗ №12-36 АОС','16Р22В-1(Маяк)','КАУЧУК',NULL,NULL,'274351088',10,NULL,NULL,'31-174/1025','2008-12-17','Активно РЧЦ',' (по данным РЧЦ)','164.675;'),(297,7,'Возимое','ГАЗ №59-31 БЕМ','16Р22В-1(Маяк)','КАУЧУК',NULL,NULL,'914050892',10,NULL,NULL,'31-138/1027','2008-12-17','Активно РЧЦ',' (по данным РЧЦ)','164.675;'),(298,7,'Возимое','КАМАЗ №13-90 АОС','16Р22В-1(Маяк)','КАУЧУК',NULL,NULL,'226621088',10,NULL,NULL,'31-174/1022','2008-12-17','Активно РЧЦ',' (по данным РЧЦ)','164.675;'),(299,7,'Возимое','УАЗ №75-12 БЕН','16Р22В-1(Маяк)','КАУЧУК',NULL,NULL,'225561088',10,NULL,NULL,'31-174/1020','2008-12-17','Активно РЧЦ',' (по данным РЧЦ)','164.675;'),(300,7,'Возимое','ЗИЛ №19-71 БЕР','16Р22В-1(Маяк)','КАУЧУК',NULL,NULL,'279671088',10,NULL,NULL,'31-138/1026','2008-12-17','Активно РЧЦ',' (по данным РЧЦ)','164.675;'),(301,7,'Возимое','УРАЛ №95-30 БЕР','16Р22В-1(Маяк)','КАУЧУК',NULL,NULL,'226191088',10,NULL,NULL,'31-174/1021','2008-12-17','Активно РЧЦ',' (по данным РЧЦ)','164.675;'),(302,1,'Носимое','носимая','Motorola P040','КАУЧУК',NULL,NULL,'422HCUW134',2,NULL,NULL,NULL,'1899-12-30','Активно РЧЦ',' (по данным РЧЦ)','164.725;'),(303,1,'Носимое','носимая','Motorola P040','КАУЧУК',NULL,NULL,'422HCSA025',2,NULL,NULL,NULL,'1899-12-30','Активно РЧЦ',' (по данным РЧЦ)','164.725;'),(304,1,'Носимое','носимая','Motorola P040','КАУЧУК',NULL,NULL,'422HCUW135',2,NULL,NULL,NULL,'1899-12-30','Активно РЧЦ',' (по данным РЧЦ)','164.725;'),(305,1,'Носимое','носимая','Motorola P040','КАУЧУК',NULL,NULL,'422HCSB334',2,NULL,NULL,NULL,'1899-12-30','Активно РЧЦ',' (по данным РЧЦ)','164.725;'),(306,1,'Носимое','носимая','Motorola P040','КАУЧУК',NULL,NULL,'422HCSB325',2,NULL,NULL,NULL,'1899-12-30','Активно РЧЦ',' (по данным РЧЦ)','164.725;'),(307,1,'Носимое','носимая','KENWOOD TK-278','КАУЧУК',NULL,NULL,'505152',2,NULL,NULL,NULL,'1899-12-30','Активно РЧЦ',' (по данным РЧЦ)','164.725;'),(308,1,'Носимое','носимая','KENWOOD TK-278','КАУЧУК',NULL,NULL,'505361',2,NULL,NULL,NULL,'1899-12-30','Активно РЧЦ',' (по данным РЧЦ)','164.725;'),(309,1,'Носимое','носимая','KENWOOD TK-278','КАУЧУК',NULL,NULL,'505461',2,NULL,NULL,NULL,'1899-12-30','Активно РЧЦ',' (по данным РЧЦ)','164.725;'),(310,1,'Носимое','носимая','KENWOOD TK-278','КАУЧУК',NULL,NULL,'505466',2,NULL,NULL,NULL,'1899-12-30','Активно РЧЦ',' (по данным РЧЦ)','164.725;'),(311,1,'Носимое','носимая','KENWOOD TK-278','КАУЧУК',NULL,NULL,'601622',2,NULL,NULL,NULL,'1899-12-30','Активно РЧЦ',' (по данным РЧЦ)','164.725;'),(312,1,'Носимое','носимая','KENWOOD TK-278','КАУЧУК',NULL,NULL,'601623',2,NULL,NULL,NULL,'1899-12-30','Активно РЧЦ',' (по данным РЧЦ)','164.725;'),(313,12,NULL,'НАЧАЛЬНИК СМЕНЫ АТУ, Г. ГУБКИН, ПРОМПЛОЩАДКА ЛГОКА','16Р22В-1(Маяк)','ИСКАТЕЛЬ',NULL,NULL,'334731092',10,NULL,NULL,NULL,'1899-12-30','Активно РЧЦ',' (по данным РЧЦ)','164.875;'),(314,12,NULL,'НАЧАЛЬНИК СМЕНЫ АТУ, Г. ГУБКИН, ПРОМПЛОЩАДКА ЛГОКА','16Р22В-1(Маяк)','ИСКАТЕЛЬ',NULL,NULL,'253740888',10,NULL,NULL,NULL,'1899-12-30','Активно РЧЦ',' (по данным РЧЦ)','164.875;'),(315,12,NULL,'НД-1200, №326','16Р22В-1(Маяк)','ИСКАТЕЛЬ',NULL,NULL,'311671192',10,NULL,NULL,'31-138/1034','2004-12-18','Активно РЧЦ',' (по данным РЧЦ)','164.875;'),(316,12,NULL,'НД-1200, №307','16Р22В-1(Маяк)','ИСКАТЕЛЬ',NULL,NULL,'317871192',10,NULL,NULL,'31-174/1033','2004-12-18','Активно РЧЦ',' (по данным РЧЦ)','164.875;'),(317,12,NULL,'НД-1200, №327','16Р22В-1(Маяк)','ИСКАТЕЛЬ',NULL,NULL,'312451192',10,NULL,NULL,'31-174/1035','2004-12-18','Активно РЧЦ',' (по данным РЧЦ)','164.875;'),(318,12,NULL,'НД-1200, №328','16Р22В-1(Маяк)','ИСКАТЕЛЬ',NULL,NULL,'383481092',10,NULL,NULL,'31-174/1036','2004-12-18','Активно РЧЦ',' (по данным РЧЦ)','164.875;'),(319,12,NULL,'НД-1200, №329','16Р22В-1(Маяк)','ИСКАТЕЛЬ',NULL,NULL,'201910888',10,NULL,NULL,'31-174/1037','2004-12-18','Активно РЧЦ',' (по данным РЧЦ)','164.875;'),(320,12,NULL,'НД-1200, №330','16Р22В-1(Маяк)','ИСКАТЕЛЬ',NULL,NULL,'200860888',10,NULL,NULL,'31-174/1038','2004-12-18','Активно РЧЦ',' (по данным РЧЦ)','164.875;'),(321,12,NULL,'НД-1200, №345','16Р22В-1(Маяк)','ИСКАТЕЛЬ',NULL,NULL,'380591192',10,NULL,NULL,'31-174/1039','2004-12-18','Активно РЧЦ',' (по данным РЧЦ)','164.875;'),(322,12,NULL,'НД-1200, №346','16Р22В-1(Маяк)','ИСКАТЕЛЬ',NULL,NULL,'238340888',10,NULL,NULL,'31-174/1040','2004-12-18','Активно РЧЦ',' (по данным РЧЦ)','164.875;'),(323,12,NULL,'НД-1200, №347','16Р22В-1(Маяк)','ИСКАТЕЛЬ',NULL,NULL,'311361092',10,NULL,NULL,'31-138/1041','2004-12-18','Активно РЧЦ',' (по данным РЧЦ)','164.875;'),(324,12,NULL,'НД-1200, №348','16Р22В-1(Маяк)','ИСКАТЕЛЬ',NULL,NULL,'305581192',10,NULL,NULL,'31-174/1042','2004-12-18','Активно РЧЦ',' (по данным РЧЦ)','164.875;'),(325,12,NULL,'НД-1200, №349','16Р22В-1(Маяк)','ИСКАТЕЛЬ',NULL,NULL,'346241092',10,NULL,NULL,'31-174/1043','2004-12-18','Активно РЧЦ',' (по данным РЧЦ)','164.875;'),(326,12,NULL,'Б-7540, №100','16Р22В-1(Маяк)','ИСКАТЕЛЬ',NULL,NULL,'346371192',10,NULL,NULL,'31-174/1028','2004-12-18','Активно РЧЦ',' (по данным РЧЦ)','164.875;'),(327,12,NULL,'Б-7540, №180','16Р22В-1(Маяк)','ИСКАТЕЛЬ',NULL,NULL,'388091192',10,NULL,NULL,'31-174/1032','2004-12-18','Активно РЧЦ',' (по данным РЧЦ)','164.875;'),(328,12,NULL,'Б-7540, №141','16Р22В-1(Маяк)','ИСКАТЕЛЬ',NULL,NULL,'305471092',10,NULL,NULL,'31-174/1029','2004-12-18','Активно РЧЦ',' (по данным РЧЦ)','164.875;'),(329,12,NULL,'Б-7540, №143','16Р22В-1(Маяк)','ИСКАТЕЛЬ',NULL,NULL,'266720888',10,NULL,NULL,'31-174/1030','2004-12-18','Активно РЧЦ',' (по данным РЧЦ)','164.875;'),(330,12,NULL,'Б-7540, №178','16Р22В-1(Маяк)','ИСКАТЕЛЬ',NULL,NULL,'224230888',10,NULL,NULL,'31-174/1031','2004-12-18','Активно РЧЦ',' (по данным РЧЦ)','164.875;'),(331,12,NULL,'НД-1200, №350','16Р22В-1(Маяк)','ИСКАТЕЛЬ',NULL,NULL,'393511192',10,NULL,NULL,'31-174/1044','2004-12-18','Активно РЧЦ',' (по данным РЧЦ)','164.875;'),(332,12,NULL,'НД-1200, №351','16Р22В-1(Маяк)','ИСКАТЕЛЬ',NULL,NULL,'396241092',10,NULL,NULL,'31-174/1045','2004-12-18','Активно РЧЦ',' (по данным РЧЦ)','164.875;'),(333,12,NULL,'НД-1200, №352','16Р22В-1(Маяк)','ИСКАТЕЛЬ',NULL,NULL,'367801092',10,NULL,NULL,'31-174/1046','2004-12-18','Активно РЧЦ',' (по данным РЧЦ)','164.875;'),(334,12,NULL,'НД-1200, №353','16Р22В-1(Маяк)','ИСКАТЕЛЬ',NULL,NULL,'369811092',10,NULL,NULL,'31-174/1047','2004-12-18','Активно РЧЦ',' (по данным РЧЦ)','164.875;'),(335,12,NULL,'НД-1200, №354','16Р22В-1(Маяк)','ИСКАТЕЛЬ',NULL,NULL,'348561192',10,NULL,NULL,'31-174/1048','2004-12-18','Активно РЧЦ',' (по данным РЧЦ)','164.875;'),(336,12,'Возимое','тяж. дорожнн. техника №70','16Р22В-1(Маяк)','ИСКАТЕЛЬ',NULL,NULL,'255480888',10,NULL,NULL,'31-138/1063','2004-12-18','Активно РЧЦ',' (по данным РЧЦ)','164.875;'),(337,12,'Возимое','тяж. дорожнн. техника №61','16Р22В-1(Маяк)','ИСКАТЕЛЬ',NULL,NULL,'305401192',10,NULL,NULL,'31-174/1059','2004-12-18','Активно РЧЦ',' (по данным РЧЦ)','164.875;'),(338,12,'Возимое','тяж. дорожнн. техника №75','16Р22В-1(Маяк)','ИСКАТЕЛЬ',NULL,NULL,'311871092',10,NULL,NULL,'31-174/1064','2004-12-18','Активно РЧЦ',' (по данным РЧЦ)','164.875;'),(339,12,'Возимое','тяж. дорожнн. техника №66','16Р22В-1(Маяк)','ИСКАТЕЛЬ',NULL,NULL,'2722408888',10,NULL,NULL,'31-174/1060','2004-12-18','Активно РЧЦ',' (по данным РЧЦ)','164.875;'),(340,12,'Возимое','тяж. дорожнн. техника №57','16Р22В-1(Маяк)','ИСКАТЕЛЬ',NULL,NULL,'305641092',10,NULL,NULL,'31-174/1057','2004-12-18','Активно РЧЦ',' (по данным РЧЦ)','164.875;'),(341,12,'Возимое','тяж. дорожнн. техника №58','16Р22В-1(Маяк)','ИСКАТЕЛЬ',NULL,NULL,'317001092',10,NULL,NULL,'31-174/1058','2004-12-18','Активно РЧЦ',' (по данным РЧЦ)','164.875;'),(342,12,'Возимое','тяж. дорожнн. техника №68','16Р22В-1(Маяк)','ИСКАТЕЛЬ',NULL,NULL,'305551092',10,NULL,NULL,'31-174/1061','2004-12-18','Активно РЧЦ',' (по данным РЧЦ)','164.875;'),(343,12,'Возимое','тяж. дорожнн. техника №69','16Р22В-1(Маяк)','ИСКАТЕЛЬ',NULL,NULL,'274360888',10,NULL,NULL,'31-174/1062','2004-12-18','Активно РЧЦ',' (по данным РЧЦ)','164.875;'),(344,12,NULL,'ДИСПЕТЧЕР АТУ, Г. ГУБКИН, ПРОМПЛОЩАДКА ЛГОКА','45Р32Н-2 (ВЭБР-160/9)','ИСКАТЕЛЬ',NULL,NULL,'27010800',10,NULL,NULL,NULL,'1899-12-30','Активно РЧЦ',' (по данным РЧЦ)','164.875;'),(345,12,NULL,'ОПЕРАТОР АТУ, Г. ГУБКИН, ПРОМПЛОЩАДКА ЛГОКА','45Р32Н-2 (ВЭБР-160/9)','ИСКАТЕЛЬ',NULL,NULL,'27110800',10,NULL,NULL,NULL,'1899-12-30','Активно РЧЦ',' (по данным РЧЦ)','164.875;'),(346,12,NULL,'УЧАСТОК ОСУШЕНИЯ НЕГАБАРИТОВ, Г. ГУБКИН, ПРОМПЛОЩАДКА ЛГОКА','16Р22В-1(Маяк)','ИСКАТЕЛЬ',NULL,NULL,'32281200',10,NULL,NULL,NULL,'1899-12-30','Активно РЧЦ',' (по данным РЧЦ)','164.875;'),(347,12,NULL,'Б-75131 гаражный №310','45Р32Н-2 (ВЭБР-160/9)','ИСКАТЕЛЬ',NULL,NULL,'27140800',10,NULL,NULL,'31-174/1070','2004-12-18','Активно РЧЦ',' (по данным РЧЦ)','164.875;'),(348,12,NULL,'Б-75131 гаражный №304','45Р32Н-2 (ВЭБР-160/9)','ИСКАТЕЛЬ',NULL,NULL,'27060800',10,NULL,NULL,'31-174/1065','2004-12-18','Активно РЧЦ',' (по данным РЧЦ)','164.875;'),(349,12,NULL,'Б-75131 гаражный №305','45Р32Н-2 (ВЭБР-160/9)','ИСКАТЕЛЬ',NULL,NULL,'27130800',10,NULL,NULL,'31-174/1066','2004-12-18','Активно РЧЦ',' (по данным РЧЦ)','164.875;'),(350,12,NULL,'Б-75131 гаражный №306','45Р32Н-2 (ВЭБР-160/9)','ИСКАТЕЛЬ',NULL,NULL,'27170800',10,NULL,NULL,'31-174/1067','2004-12-18','Активно РЧЦ',' (по данным РЧЦ)','164.875;'),(351,12,NULL,'Б-75131 гаражный №308','45Р32Н-2 (ВЭБР-160/9)','ИСКАТЕЛЬ',NULL,NULL,'27200800',10,NULL,NULL,'31-174/1068','2004-12-18','Активно РЧЦ',' (по данным РЧЦ)','164.875;'),(352,12,NULL,'Б-75131 гаражный №309','45Р32Н-2 (ВЭБР-160/9)','ИСКАТЕЛЬ',NULL,NULL,'27190800',10,NULL,NULL,'31-174/1069','2004-12-18','Активно РЧЦ',' (по данным РЧЦ)','164.875;'),(353,12,'Возимое','МАЗ №39-43 БЕО','16Р22В-1(Маяк)','ИСКАТЕЛЬ',NULL,NULL,'27260987',10,NULL,NULL,'31-174/1103','2004-12-18','Активно РЧЦ',' (по данным РЧЦ)','164.875;'),(354,12,'Возимое','тяж. дорожнн. техника №130','16Р22В-1(Маяк)','ИСКАТЕЛЬ',NULL,NULL,'305311192',10,NULL,NULL,'31-174/1054','2004-12-18','Активно РЧЦ',' (по данным РЧЦ)','164.875;'),(355,12,'Возимое','тяж. дорожнн. техника №131','16Р22В-1(Маяк)','ИСКАТЕЛЬ',NULL,NULL,'380271092',10,NULL,NULL,'31-174/1055','2004-12-18','Активно РЧЦ',' (по данным РЧЦ)','164.875;'),(356,12,'Возимое','тяж. дорожнн. техника №123','16Р22В-1(Маяк)','ИСКАТЕЛЬ',NULL,NULL,'261240888',10,NULL,NULL,'31-174/1049','2004-12-18','Активно РЧЦ',' (по данным РЧЦ)','164.875;'),(357,12,'Возимое','тяж. дорожнн. техника №133','16Р22В-1(Маяк)','ИСКАТЕЛЬ',NULL,NULL,'317251192',10,NULL,NULL,'31-174/1056','2004-12-18','Активно РЧЦ',' (по данным РЧЦ)','164.875;'),(358,12,'Возимое','тяж. дорожнн. техника №126','16Р22В-1(Маяк)','ИСКАТЕЛЬ',NULL,NULL,'311241092',10,NULL,NULL,'31-138/1051','2004-12-18','Активно РЧЦ',' (по данным РЧЦ)','164.875;'),(359,12,'Возимое','тяж. дорожнн. техника №128','16Р22В-1(Маяк)','ИСКАТЕЛЬ',NULL,NULL,'305811192',10,NULL,NULL,'31-174/1052','2004-12-18','Активно РЧЦ',' (по данным РЧЦ)','164.875;'),(360,12,'Возимое','тяж. дорожнн. техника №129','16Р22В-1(Маяк)','ИСКАТЕЛЬ',NULL,NULL,'201960888',10,NULL,NULL,'31-174/1053','2004-12-18','Активно РЧЦ',' (по данным РЧЦ)','164.875;'),(361,12,NULL,'НАЧ. УЧАСТКА ЦЕХ №1 РУ, Г. ГУБКИН, ПРОМПЛОЩАДКА ЛГОКА\"ЛЕБЕДИНСКИЙ ГОК\"','45Р32Н-2 (ВЭБР-160/9)','ИСКАТЕЛЬ',NULL,NULL,'52261202',10,NULL,NULL,NULL,'1899-12-30','Активно РЧЦ',' (по данным РЧЦ)','164.875;'),(362,12,'Носимое','носимая','45Р32Н-2 (ВЭБР-160/9)','ИСКАТЕЛЬ',NULL,NULL,'21310800',2,NULL,NULL,'31-174/1086','2004-12-18','Активно РЧЦ',' (по данным РЧЦ)','164.875;'),(363,12,'Носимое','носимая','45Р32Н-2 (ВЭБР-160/9)','ИСКАТЕЛЬ',NULL,NULL,'21220800',2,NULL,NULL,'31-174/1083','2004-12-18','Активно РЧЦ',' (по данным РЧЦ)','164.875;'),(364,12,'Носимое','носимая','45Р32Н-2 (ВЭБР-160/9)','ИСКАТЕЛЬ',NULL,NULL,'21170800',2,NULL,NULL,'31-174/1085','2004-12-18','Активно РЧЦ',' (по данным РЧЦ)','164.875;'),(365,12,'Носимое','носимая','45Р32Н-2 (ВЭБР-160/9)','ИСКАТЕЛЬ',NULL,NULL,'01570700',2,NULL,NULL,'31-174/1084','2004-12-18','Активно РЧЦ',' (по данным РЧЦ)','164.875;'),(366,12,NULL,'Б-7540 гаражный №102','45Р32Н-2 (ВЭБР-160/9)','ИСКАТЕЛЬ',NULL,NULL,'27090800',10,NULL,NULL,'31-174/1071','2004-12-18','Активно РЧЦ',' (по данным РЧЦ)','164.875;'),(367,12,NULL,'Б-7540 гаражный №106','45Р32Н-2 (ВЭБР-160/9)','ИСКАТЕЛЬ',NULL,NULL,'27080800',10,NULL,NULL,'31-174/1072','2004-12-18','Активно РЧЦ',' (по данным РЧЦ)','164.875;'),(368,12,NULL,'Б-7540 гаражный №137','45Р32Н-2 (ВЭБР-160/9)','ИСКАТЕЛЬ',NULL,NULL,'27120800',10,NULL,NULL,'31-174/1074','2004-12-18','Активно РЧЦ',' (по данным РЧЦ)','164.875;'),(369,12,NULL,'Б-7540 гаражный №108','45Р32Н-2 (ВЭБР-160/9)','ИСКАТЕЛЬ',NULL,NULL,'27240800',10,NULL,NULL,'31-174/1073','2004-12-18','Активно РЧЦ',' (по данным РЧЦ)','164.875;'),(370,12,NULL,'Б-7540 гаражный №138','45Р32Н-2 (ВЭБР-160/9)','ИСКАТЕЛЬ',NULL,NULL,'27040800',10,NULL,NULL,'31-174/1075','2004-12-18','Активно РЧЦ',' (по данным РЧЦ)','164.875;'),(371,12,NULL,'Н-510Е гаражный №300','45Р32Н-2 (ВЭБР-160/9)','ИСКАТЕЛЬ',NULL,NULL,'27070800',10,NULL,NULL,'31-174/1076','2004-12-18','Активно РЧЦ',' (по данным РЧЦ)','164.875;'),(372,12,NULL,'Н-510Е гаражный №301','45Р32Н-2 (ВЭБР-160/9)','ИСКАТЕЛЬ',NULL,NULL,'27030800',10,NULL,NULL,'31-174/1077','2004-12-18','Активно РЧЦ','Повтор (по данным РЧЦ)','164.875;'),(373,12,NULL,'Н-510Е гаражный №302','45Р32Н-2 (ВЭБР-160/9)','ИСКАТЕЛЬ',NULL,NULL,'27160800',10,NULL,NULL,'31-174/1078','2004-12-18','Активно РЧЦ',' (по данным РЧЦ)','164.875;'),(374,12,NULL,'МЕХАНИК, Г. ГУБКИН, \"ЛЕБЕДИНСКИЙ ГОК\"','45Р32Н-2 (ВЭБР-160/9)','ИСКАТЕЛЬ',NULL,NULL,'27150800',10,NULL,NULL,NULL,'1899-12-30','Активно РЧЦ',' (по данным РЧЦ)','164.875;'),(375,12,'Возимое','тяж. дорожнн. техника №72','45Р32Н-2 (ВЭБР-160/9)','ИСКАТЕЛЬ',NULL,NULL,'2706800',10,NULL,NULL,'31-174/1082','2004-12-18','Активно РЧЦ',' (по данным РЧЦ)','164.875;'),(376,12,'Возимое','тяж. дорожнн. техника №67','45Р32Н-2 (ВЭБР-160/9)','ИСКАТЕЛЬ',NULL,NULL,'27020800',10,NULL,NULL,NULL,'1899-12-30','Активно РЧЦ',' (по данным РЧЦ)','164.875;'),(377,12,'Возимое','тяж. дорожнн. техника №59','45Р32Н-2 (ВЭБР-160/9)','ИСКАТЕЛЬ',NULL,NULL,'27180800',10,NULL,NULL,'31-174/1080','2004-12-18','Активно РЧЦ',' (по данным РЧЦ)','164.875;'),(378,12,'Возимое','тяж. дорожнн. техника №127','45Р32Н-2 (ВЭБР-160/9)','ИСКАТЕЛЬ',NULL,NULL,'27030800~',10,NULL,NULL,'31-174/1079','2004-12-18','Активно РЧЦ','Повтор (по данным РЧЦ)','164.875;'),(379,12,NULL,'СЛЕСАРКА АБК РУ ЦЕХ №1, Г. ГУБКИН, \"ЛЕБЕДИНСКИЙ ГОК\"','16Р22С-1(Маяк-С)','ИСКАТЕЛЬ',NULL,NULL,'361891090',10,NULL,NULL,NULL,'1899-12-30','Активно РЧЦ',' (по данным РЧЦ)','164.875;'),(380,12,NULL,'МАСТЕР ГРУППЫ УЧЕТА АБК РУ, Г. ГУБКИН, ПРОМПЛОЩАДКА ЛГОКА','45Р32Н-2 (ВЭБР-160/9)','ИСКАТЕЛЬ',NULL,NULL,'50181002',10,NULL,NULL,NULL,'1899-12-30','Активно РЧЦ',' (по данным РЧЦ)','164.875;'),(381,12,NULL,'ОТМЕТКА №1, Г. ГУБКИН, ПРОМПЛОЩАДКА ЛГОКА','45Р32Н-2 (ВЭБР-160/9)','ИСКАТЕЛЬ',NULL,NULL,'50431002',10,NULL,NULL,NULL,'1899-12-30','Активно РЧЦ',' (по данным РЧЦ)','164.875;'),(382,12,NULL,'ОТМЕТКА №7, Г. ГУБКИН, ПРОМПЛОЩАДКА ЛГОКА','45Р32Н-2 (ВЭБР-160/9)','ИСКАТЕЛЬ',NULL,NULL,'24460200',10,NULL,NULL,NULL,'1899-12-30','Активно РЧЦ',' (по данным РЧЦ)','164.875;'),(383,12,NULL,'ОТМЕТКА №8, Г. ГУБКИН, ПРОМПЛОЩАДКА ЛГОКА','45Р32Н-2 (ВЭБР-160/9)','ИСКАТЕЛЬ',NULL,NULL,'12550799',10,NULL,NULL,NULL,'1899-12-30','Активно РЧЦ',' (по данным РЧЦ)','164.875;'),(384,12,'Носимое','носимая','45Р32Н-2 (ВЭБР-160/9)','ИСКАТЕЛЬ',NULL,NULL,'21260800',2,NULL,NULL,'31-174/1087','2004-12-18','Активно РЧЦ',' (по данным РЧЦ)','164.875;'),(385,12,'Возимое','ЭКГ №10','45Р32Н-2 (ВЭБР-160/9)','ИСКАТЕЛЬ',NULL,NULL,'32241200',10,NULL,NULL,'31-174/1088','2004-12-18','Активно РЧЦ',' (по данным РЧЦ)','164.875;'),(386,12,'Возимое','экскаватор №51','16Р22С-1(Маяк-С)','ИСКАТЕЛЬ',NULL,NULL,'331101090',10,NULL,NULL,'31-174/1098','2004-12-18','Активно РЧЦ',' (по данным РЧЦ)','164.875;'),(387,12,'Возимое','экскаватор №56','16Р22С-1(Маяк-С)','ИСКАТЕЛЬ',NULL,NULL,'356621290',10,NULL,NULL,'31-174/1099','2004-12-18','Активно РЧЦ',' (по данным РЧЦ)','164.875;'),(388,12,'Возимое','экскаватор №66','16Р22С-1(Маяк-С)','ИСКАТЕЛЬ',NULL,NULL,'276820987',10,NULL,NULL,'31-174/11101','2004-12-18','Активно РЧЦ',' (по данным РЧЦ)','164.875;'),(389,12,'Возимое','экскаватор №58','16Р22С-1(Маяк-С)','ИСКАТЕЛЬ',NULL,NULL,'217110987',10,NULL,NULL,'31-174/1100','2004-12-18','Активно РЧЦ',' (по данным РЧЦ)','164.875;'),(390,12,'Возимое','экскаватор №104','16Р22С-1(Маяк-С)','ИСКАТЕЛЬ',NULL,NULL,'339741190',10,NULL,NULL,'31-174/1089','2004-12-18','Активно РЧЦ',' (по данным РЧЦ)','164.875;'),(391,12,'Возимое','экскаватор №105','16Р22С-1(Маяк-С)','ИСКАТЕЛЬ',NULL,NULL,'200640888',10,NULL,NULL,'31-174/1090','2004-12-18','Активно РЧЦ',' (по данным РЧЦ)','164.875;'),(392,12,'Возимое','экскаватор №109','16Р22С-1(Маяк-С)','ИСКАТЕЛЬ',NULL,NULL,'311071092',10,NULL,NULL,'31-174/1091','2004-12-18','Активно РЧЦ',' (по данным РЧЦ)','164.875;'),(393,12,'Возимое','экскаватор №111','16Р22С-1(Маяк-С)','ИСКАТЕЛЬ',NULL,NULL,'270690987',10,NULL,NULL,'31-174/1092','2004-12-18','Активно РЧЦ',' (по данным РЧЦ)','164.875;'),(394,12,'Возимое','экскаватор №118','16Р22С-1(Маяк-С)','ИСКАТЕЛЬ',NULL,NULL,'334781090',10,NULL,NULL,'31-174/1093','2004-12-18','Активно РЧЦ',' (по данным РЧЦ)','164.875;'),(395,12,'Возимое','экскаватор №119','16Р22С-1(Маяк-С)','ИСКАТЕЛЬ',NULL,NULL,'240511187',10,NULL,NULL,'31-174/1094','2004-12-18','Активно РЧЦ',' (по данным РЧЦ)','164.875;'),(396,12,NULL,'НАЧАЛЬНИК СМЕНЫ КАРЬЕРА, Г. ГУБКИН, ПРОМПЛОЩАДКА ЛГОКА','16Р22С-1(Маяк-С)','ИСКАТЕЛЬ',NULL,NULL,'334581090',10,NULL,NULL,NULL,'1899-12-30','Активно РЧЦ',' (по данным РЧЦ)','164.875;'),(397,12,NULL,'ОПЕРАТОР ОТМЕТОК КАРЬЕРА, Г. ГУБКИН, ПРОМПЛОЩАДКА ЛГОКА','16Р22С-1(Маяк-С)','ИСКАТЕЛЬ',NULL,NULL,'372560592',10,NULL,NULL,NULL,'1899-12-30','Активно РЧЦ',' (по данным РЧЦ)','164.875;'),(398,12,NULL,'ДРОБИЛКА, Г. ГУБКИН, ПРОМПЛОЩАДКА ЛГОКА','16Р22С-1(Маяк-С)','ИСКАТЕЛЬ',NULL,NULL,'335591090',10,NULL,NULL,NULL,'1899-12-30','Активно РЧЦ',' (по данным РЧЦ)','164.875;'),(399,12,NULL,'ОТМЕТКА №3, Г. ГУБКИН, ПРОМПЛОЩАДКА ЛГОКА','16Р22С-1(Маяк-С)','ИСКАТЕЛЬ',NULL,NULL,'317861192',10,NULL,NULL,NULL,'1899-12-30','Активно РЧЦ',' (по данным РЧЦ)','164.875;'),(400,12,NULL,'ОТМЕТКА №4, Г. ГУБКИН, ПРОМПЛОЩАДКА ЛГОКА','16Р22С-1(Маяк-С)','ИСКАТЕЛЬ',NULL,NULL,'585451090',10,NULL,NULL,NULL,'1899-12-30','Активно РЧЦ',' (по данным РЧЦ)','164.875;'),(401,12,NULL,'ОТМЕТКА №5, Г. ГУБКИН, ПРОМПЛОЩАДКА ЛГОКА','16Р22С-1(Маяк-С)','ИСКАТЕЛЬ',NULL,NULL,'562281090',10,NULL,NULL,NULL,'1899-12-30','Активно РЧЦ',' (по данным РЧЦ)','164.875;'),(402,12,NULL,'ОТМЕТКА №6, Г. ГУБКИН, ПРОМПЛОЩАДКА ЛГОКА','16Р22С-1(Маяк-С)','ИСКАТЕЛЬ',NULL,NULL,'365511096',10,NULL,NULL,NULL,'1899-12-30','Активно РЧЦ',' (по данным РЧЦ)','164.875;'),(403,12,'Возимое','экскаватор №80','16Р22С-1(Маяк-С)','ИСКАТЕЛЬ',NULL,NULL,'332191090',10,NULL,NULL,'31-174/1102','2004-12-18','Активно РЧЦ',' (по данным РЧЦ)','164.875;'),(404,12,'Возимое','экскаватор №120','16Р22С-1(Маяк-С)','ИСКАТЕЛЬ',NULL,NULL,'311841192',10,NULL,NULL,'31-174/1095','2004-12-18','Активно РЧЦ',' (по данным РЧЦ)','164.875;'),(405,12,'Возимое','экскаватор №121','16Р22С-1(Маяк-С)','ИСКАТЕЛЬ',NULL,NULL,'331231090',10,NULL,NULL,'31-174/1096','2004-12-18','Активно РЧЦ',' (по данным РЧЦ)','164.875;'),(406,12,'Возимое','экскаватор №123','16Р22С-1(Маяк-С)','ИСКАТЕЛЬ',NULL,NULL,'270460987',10,NULL,NULL,'31-174/1097','2004-12-18','Активно РЧЦ',' (по данным РЧЦ)','164.875;'),(407,12,'Возимое','тяж. дорожнн. техника №124','16Р22В-1(Маяк)','ИСКАТЕЛЬ',NULL,NULL,'22710888',10,NULL,NULL,'31-174/1050','2004-12-18','Активно РЧЦ',' (по данным РЧЦ)','164.875;'),(408,12,NULL,'отдел гл. механика, г. Губкин, промплощадка ЛГОКа','45Р32Н-2 (ВЭБР-160/9)','ИСКАТЕЛЬ',NULL,NULL,'12790799',10,'1899-12-30','1899-12-30','31-174/1198','2004-12-18','Активно РЧЦ',' (по данным РЧЦ)','164.950; 164.875;'),(409,12,NULL,'участок оперативных ремонтов, г. Губкин, промплощадка ЛГОКа','45Р32Н-2 (ВЭБР-160/9)','ИСКАТЕЛЬ',NULL,NULL,'24510600',10,'1899-12-30','1899-12-30','31-174/1199','2004-12-18','Активно РЧЦ',' (по данным РЧЦ)','164.950; 164.875;'),(410,12,'Возимое','УАЗ 469 №А894СО','45Р32Н-2 (ВЭБР-160/9)','ИСКАТЕЛЬ',NULL,NULL,'12800799',10,'1899-12-30','1899-12-30','31-174/1149','2004-12-18','Активно РЧЦ',' (по данным РЧЦ)','164.950; 164.875;'),(411,12,'Возимое','УАЗ 469 №С736ЕР','45Р32Н-2 (ВЭБР-160/9)','ИСКАТЕЛЬ',NULL,NULL,'12530799',10,'1899-12-30','1899-12-30','31-174/1150','2004-12-18','Активно РЧЦ',' (по данным РЧЦ)','164.950; 164.875;'),(412,12,'Возимое','УАЗ 469 №С976ЕР','45Р32Н-2 (ВЭБР-160/9)','ИСКАТЕЛЬ',NULL,NULL,'12810799',10,'1899-12-30','1899-12-30','31-174/1151','2004-12-18','Активно РЧЦ',' (по данным РЧЦ)','164.950; 164.875;'),(413,12,'Возимое','УАЗ 469 №С978ЕР','45Р32Н-2 (ВЭБР-160/9)','ИСКАТЕЛЬ',NULL,NULL,'12828799',10,'1899-12-30','1899-12-30','31-174/1152','2004-12-18','Активно РЧЦ',' (по данным РЧЦ)','164.950; 164.875;'),(414,12,'Носимое','носимая','45Р32Н-2 (ВЭБР-160/9)','ИСКАТЕЛЬ',NULL,NULL,'50401002',2,'1899-12-30','1899-12-30','31-174/1153','2004-12-18','Активно РЧЦ',' (по данным РЧЦ)','164.950; 164.875;'),(415,12,'Носимое','носимая','45Р32Н-2 (ВЭБР-160/9)','ИСКАТЕЛЬ',NULL,NULL,'24600600',2,'1899-12-30','1899-12-30','31-174/1156','2004-12-18','Активно РЧЦ',' (по данным РЧЦ)','164.950; 164.875;'),(416,12,'Носимое','носимая','45Р32Н-2 (ВЭБР-160/9)','ИСКАТЕЛЬ',NULL,NULL,'50111002',2,'1899-12-30','1899-12-30','31-174/1154','2004-12-18','Активно РЧЦ',' (по данным РЧЦ)','164.950; 164.875;'),(417,12,'Носимое','носимая','45Р32Н-2 (ВЭБР-160/9)','ИСКАТЕЛЬ',NULL,NULL,'24520600',2,'1899-12-30','1899-12-30','31-174/1157','2004-12-18','Активно РЧЦ',' (по данным РЧЦ)','164.950; 164.875;'),(418,12,'Носимое','носимая','45Р32Н-2 (ВЭБР-160/9)','ИСКАТЕЛЬ',NULL,NULL,'51231202',2,'1899-12-30','1899-12-30','31-174/1155','2004-12-18','Активно РЧЦ',' (по данным РЧЦ)','164.950; 164.875;'),(419,12,'Носимое','носимая','45Р32Н-2 (ВЭБР-160/9)','ИСКАТЕЛЬ',NULL,NULL,'24440600',2,'1899-12-30','1899-12-30','31-174/1158','2004-12-18','Активно РЧЦ',' (по данным РЧЦ)','164.950; 164.875;'),(420,12,'Носимое','носимая','45Р32Н-2 (ВЭБР-160/9)','ИСКАТЕЛЬ',NULL,NULL,'24640600',2,'1899-12-30','1899-12-30','31-174/1159','2004-12-18','Активно РЧЦ',' (по данным РЧЦ)','164.950; 164.875;'),(421,12,'Носимое','носимая','45Р32Н-2 (ВЭБР-160/9)','ИСКАТЕЛЬ',NULL,NULL,'24550600',2,'1899-12-30','1899-12-30','31-174/1160','2004-12-18','Активно РЧЦ',' (по данным РЧЦ)','164.950; 164.875;'),(422,12,'Носимое','носимая','45Р32Н-2 (ВЭБР-160/9)','ИСКАТЕЛЬ',NULL,NULL,'24480600',2,'1899-12-30','1899-12-30','31-174/1161','2004-12-18','Активно РЧЦ',' (по данным РЧЦ)','164.950; 164.875;'),(423,12,NULL,'дренажгая шахта Ствол №5, г. Губкин, промплощадка ЛГОКа','45Р32Н-2 (ВЭБР-160/9)','ИСКАТЕЛЬ',NULL,NULL,'50191002',10,'1899-12-30','1899-12-30','31-174/1197','2004-12-18','Активно РЧЦ',' (по данным РЧЦ)','164.950; 164.875;'),(424,13,'Носимое','УЧАСТОК РЫХЛОЙ ВСКРЫШИ, Г. ГУБКИН, ПРОМПЛОЩАДКА ЛГОКА','45Р32Н-2 (ВЭБР-160/9)','ИСКАТЕЛЬ',NULL,NULL,'12760799',10,'1899-12-30','1899-12-30',NULL,'1899-12-30','Активно РЧЦ',' (по данным РЧЦ)','164.900;'),(425,13,NULL,'НАЧАЛЬНИК СМЕНЫ КАРЬЕРА, Г. ГУБКИН, ПРОМПЛОЩАДКА ЛГОКА','45Р32Н-2 (ВЭБР-160/9)','ИСКАТЕЛЬ',NULL,NULL,'12560799',10,'1899-12-30','1899-12-30',NULL,'1899-12-30','Активно РЧЦ',' (по данным РЧЦ)','164.900;'),(426,13,NULL,'СТ. СЕВЕРНАЯ, Г. ГУБКИН, ПРОМПЛОЩАДКА ЛГОКА','45Р32Н-2 (ВЭБР-160/9)','ИСКАТЕЛЬ',NULL,NULL,'12830799',10,'1899-12-30','1899-12-30',NULL,'1899-12-30','Активно РЧЦ',' (по данным РЧЦ)','164.900;'),(427,13,NULL,'СТ. ОТВАЛЬНАЯ, Г. ГУБКИН, ПРОМПЛОЩАДКА ЛГОКА','45Р32Н-2 (ВЭБР-160/9)','ИСКАТЕЛЬ',NULL,NULL,'12840799',10,'1899-12-30','1899-12-30',NULL,'1899-12-30','Активно РЧЦ',' (по данным РЧЦ)','164.900;'),(428,13,'Возимое','экскаватор №8','45Р32Н-2 (ВЭБР-160/9)','ИСКАТЕЛЬ',NULL,NULL,'12640799',10,'1899-12-30','1899-12-30','31-174/1107','2004-12-18','Активно РЧЦ',' (по данным РЧЦ)','164.900;'),(429,13,NULL,'ДИСПЕТЧЕР РУ, Г. ГУБКИН, ПРОМПЛОЩАДКА ЛГОКА','45Р32Н-2 (ВЭБР-160/9)','ИСКАТЕЛЬ',NULL,NULL,'52241202',10,'1899-12-30','1899-12-30',NULL,'1899-12-30','Активно РЧЦ',' (по данным РЧЦ)','164.900;'),(430,13,NULL,'ОПЕРАТОР ДИСПЕТЧЕРА РУ, Г. ГУБКИН, ПРОМПЛОЩАДКА ЛГОКА','45Р32Н-2 (ВЭБР-160/9)','ИСКАТЕЛЬ',NULL,NULL,'52222202',10,'1899-12-30','1899-12-30',NULL,'1899-12-30','Активно РЧЦ',' (по данным РЧЦ)','164.900;'),(431,13,NULL,'оператор диспетчера РУ, г. Губкин, промплощадка ЛГОКа','45Р32Н-2 (ВЭБР-160/9)','ИСКАТЕЛЬ',NULL,NULL,'52271202',10,'1899-12-30','1899-12-30',NULL,'1899-12-30','Активно РЧЦ',' (по данным РЧЦ)','164.900;'),(432,13,NULL,'УЧАСТОК ОТВАЛА №2, Г. ГУБКИН, ПРОМПЛОЩАДКА ЛГОКА','16Р22С-1(Маяк-С)','ИСКАТЕЛЬ',NULL,NULL,'271700388',10,'1899-12-30','1899-12-30',NULL,'1899-12-30','Активно РЧЦ','Повтор (по данным РЧЦ)','164.900;'),(433,13,'Возимое','экскаватор №82','16Р22С-1(Маяк-С)','ИСКАТЕЛЬ',NULL,NULL,'334371089',10,'1899-12-30','1899-12-30','31-174/1114','2004-12-18','Активно РЧЦ',' (по данным РЧЦ)','164.900;'),(434,13,'Возимое','экскаватор №63','16Р22С-1(Маяк-С)','ИСКАТЕЛЬ',NULL,NULL,'278890987',10,'1899-12-30','1899-12-30','31-174/1113','2004-12-18','Активно РЧЦ',' (по данным РЧЦ)','164.900;'),(435,13,'Возимое','экскаватор №54','16Р22С-1(Маяк-С)','ИСКАТЕЛЬ',NULL,NULL,'254140187',10,'1899-12-30','1899-12-30','31-174/1112','2004-12-18','Активно РЧЦ',' (по данным РЧЦ)','164.900;'),(436,13,'Возимое','экскаватор №74','45Р32Н-2 (ВЭБР-160/9)','ИСКАТЕЛЬ',NULL,NULL,'12650799',10,'1899-12-30','1899-12-30','31-174/1106','2004-12-18','Активно РЧЦ',' (по данным РЧЦ)','164.900;'),(437,13,'Возимое','экскаватор №94','16Р22С-1(Маяк-С)','ИСКАТЕЛЬ',NULL,NULL,'361951096',10,'1899-12-30','1899-12-30','31-174/1116','2004-12-18','Активно РЧЦ',' (по данным РЧЦ)','164.900;'),(438,13,'Возимое','экскаватор №85','16Р22С-1(Маяк-С)','ИСКАТЕЛЬ',NULL,NULL,'330591090',10,'1899-12-30','1899-12-30','31-174/1115','2004-12-18','Активно РЧЦ',' (по данным РЧЦ)','164.900;'),(439,13,'Возимое','экскаватор №97','45Р32Н-2 (ВЭБР-160/9)','ИСКАТЕЛЬ',NULL,NULL,'12770799',10,'1899-12-30','1899-12-30','31-174/1108','2004-12-18','Активно РЧЦ',' (по данным РЧЦ)','164.900;'),(440,13,'Возимое','экскаватор №100','45Р32Н-2 (ВЭБР-160/9)','ИСКАТЕЛЬ',NULL,NULL,'12460799',10,'1899-12-30','1899-12-30','31-174/1104','2004-12-18','Активно РЧЦ',' (по данным РЧЦ)','164.900;'),(441,13,'Возимое','экскаватор №101','45Р32Н-2 (ВЭБР-160/9)','ИСКАТЕЛЬ',NULL,NULL,'12580799',10,'1899-12-30','1899-12-30','31-174/1105','2004-12-18','Активно РЧЦ',' (по данным РЧЦ)','164.900;'),(442,13,'Возимое','экскаватор №107','16Р22С-1(Маяк-С)','ИСКАТЕЛЬ',NULL,NULL,'270590388',10,'1899-12-30','1899-12-30','31-174/1111','2004-12-18','Активно РЧЦ',' (по данным РЧЦ)','164.900;'),(443,13,'Носимое','носимая','45Р32Н-2 (ВЭБР-160/9)','ИСКАТЕЛЬ',NULL,NULL,'12620799',2,'1899-12-30','1899-12-30','31-174/1109','2004-12-18','Активно РЧЦ',' (по данным РЧЦ)','164.900;'),(444,13,'Носимое','носимая','45Р32Н-2 (ВЭБР-160/9)','ИСКАТЕЛЬ',NULL,NULL,'32271200',2,'1899-12-30','1899-12-30','31-174/1110','2004-12-18','Активно РЧЦ',' (по данным РЧЦ)','164.900;'),(445,13,'Возимое','экскаваторный цех №2 АБК, г. Губкин, \"Лебединский ГОК\"','45Р32Н-2 (ВЭБР-160/9)','ИСКАТЕЛЬ',NULL,NULL,'52201202',10,NULL,NULL,NULL,'1899-12-30','Активно РЧЦ',' (по данным РЧЦ)','164.925;'),(446,13,NULL,'жд. ст. Сланцевая, г. Губкин, \"Лебединский ГОК\"','16Р22С-1(Маяк-С)','ИСКАТЕЛЬ',NULL,NULL,'0380030888',10,NULL,NULL,NULL,'1899-12-30','Активно РЧЦ',' (по данным РЧЦ)','164.925;'),(447,13,NULL,'участок отвал №1, г. Губкин, \"Лебединский ГОК\"','16Р22С-1(Маяк-С)','ИСКАТЕЛЬ',NULL,NULL,'0348840292',10,NULL,NULL,NULL,'1899-12-30','Активно РЧЦ',' (по данным РЧЦ)','164.925;'),(448,13,NULL,'ЖД ст. Рудная, г. Губкин, \"Лебединский ГОК\"','16Р22С-1(Маяк-С)','ИСКАТЕЛЬ',NULL,NULL,'335811090',10,NULL,NULL,NULL,'1899-12-30','Активно РЧЦ',' (по данным РЧЦ)','164.925;'),(449,13,NULL,'диспетчер РУ, г. Губкин, \"Лебединский ГОК\"','45Р32Н-2 (ВЭБР-160/9)','ИСКАТЕЛЬ',NULL,NULL,'52281202',10,NULL,NULL,NULL,'1899-12-30','Активно РЧЦ',' (по данным РЧЦ)','164.925;'),(450,13,NULL,'слесари цех №2, г. Губкин, \"Лебединский ГОК\"','16Р22С-1(Маяк-С)','ИСКАТЕЛЬ',NULL,NULL,'334231090',10,NULL,NULL,NULL,'1899-12-30','Активно РЧЦ',' (по данным РЧЦ)','164.925;'),(451,13,NULL,'оператор диспетчера, г. Губкин, \"Лебединский ГОК\"','45Р32Н-2 (ВЭБР-160/9)','ИСКАТЕЛЬ',NULL,NULL,'52211202',10,NULL,NULL,NULL,'1899-12-30','Активно РЧЦ',' (по данным РЧЦ)','164.925;'),(452,13,NULL,'оператор диспетчера, г. Губкин, \"Лебединский ГОК\"','45Р32Н-2 (ВЭБР-160/9)','ИСКАТЕЛЬ',NULL,NULL,'52291202',10,NULL,NULL,NULL,'1899-12-30','Активно РЧЦ',' (по данным РЧЦ)','164.925;'),(453,13,NULL,'участок №6','16Р22С-1(Маяк-С)','ИСКАТЕЛЬ',NULL,NULL,'0375130292',10,NULL,NULL,NULL,'1899-12-30','Активно РЧЦ',' (по данным РЧЦ)','164.925;'),(454,13,'Возимое','ЭКГ-39','45Р32Н-2 (ВЭБР-160/9)','ИСКАТЕЛЬ',NULL,NULL,'24590600',10,NULL,NULL,'31-174/1121','2004-12-18','Активно РЧЦ','Повтор (по данным РЧЦ)','164.950;'),(455,13,'Возимое','ЭКГ-129','45Р32Н-2 (ВЭБР-160/9)','ИСКАТЕЛЬ',NULL,NULL,'32251202',10,NULL,NULL,'31-174/1125','2004-12-18','Активно РЧЦ',' (по данным РЧЦ)','164.950;'),(456,13,'Носимое','носимая','45Р32Н-2 (ВЭБР-160/9)','ИСКАТЕЛЬ',NULL,NULL,'52151202',2,NULL,NULL,'31-174/1117','2004-12-18','Активно РЧЦ',' (по данным РЧЦ)','164.950;'),(457,13,'Носимое','носимая','Motorola GP-300','ИСКАТЕЛЬ',NULL,NULL,'174IYF1995',2,NULL,NULL,'31-174/1148','1899-12-30','Активно РЧЦ',' (по данным РЧЦ)','164.950;'),(458,13,'Возимое','ЭКГ-96','16Р22С-1(Маяк-С)','ИСКАТЕЛЬ',NULL,NULL,'214551286',10,NULL,NULL,'31-174/1139','1899-12-30','Активно РЧЦ','Повтор (по данным РЧЦ)','164.950;'),(459,13,'Возимое','ЭКГ-122','16Р22С-1(Маяк-С)','ИСКАТЕЛЬ',NULL,NULL,'332281090',10,NULL,NULL,'31-174/1137','2004-12-18','Активно РЧЦ',' (по данным РЧЦ)','164.950;'),(460,13,'Возимое','ЭКГ-130','16Р22С-1(Маяк-С)','ИСКАТЕЛЬ',NULL,NULL,'977100993',10,NULL,NULL,'31-174/1138','2004-12-18','Активно РЧЦ',' (по данным РЧЦ)','164.950;'),(461,13,'Возимое','экскаватор №52','16Р22С-1(Маяк-С)','ИСКАТЕЛЬ',NULL,NULL,'0364921090',10,NULL,NULL,'31-174/1143','1899-12-30','Активно РЧЦ',' (по данным РЧЦ)','164.950;'),(462,13,'Возимое','экскаватор №62','16Р22С-1(Маяк-С)','ИСКАТЕЛЬ',NULL,NULL,'0342830292',10,NULL,NULL,'31-174/1144','1899-12-30','Активно РЧЦ',' (по данным РЧЦ)','164.950;'),(463,13,'Возимое','экскаватор №83','16Р22С-1(Маяк-С)','ИСКАТЕЛЬ',NULL,NULL,'0335601090',10,NULL,NULL,'31-174/1145','1899-12-30','Активно РЧЦ',' (по данным РЧЦ)','164.950;'),(464,13,'Возимое','экскаватор №24','16Р22С-1(Маяк-С)','ИСКАТЕЛЬ',NULL,NULL,'0267641187',10,NULL,NULL,'31-174/1141','1899-12-30','Активно РЧЦ',' (по данным РЧЦ)','164.950;'),(465,13,'Возимое','экскаватор №47','16Р22С-1(Маяк-С)','ИСКАТЕЛЬ',NULL,NULL,'0269541187',10,NULL,NULL,'31-174/1142','1899-12-30','Активно РЧЦ',' (по данным РЧЦ)','164.950;'),(466,13,'Возимое','экскаватор №89','16Р22С-1(Маяк-С)','ИСКАТЕЛЬ',NULL,NULL,'0396281192',10,NULL,NULL,'31-174/1146','1899-12-30','Активно РЧЦ',' (по данным РЧЦ)','164.950;'),(467,13,'Возимое','экскаватор №108','16Р22С-1(Маяк-С)','ИСКАТЕЛЬ',NULL,NULL,'0336541192',10,NULL,NULL,'31-174/1140','1899-12-30','Активно РЧЦ',' (по данным РЧЦ)','164.950;'),(468,13,NULL,'НАЧАЛЬНИК ЦБР РУ, Г. ГУБКИН, ПРОМПЛОЩАДКА ЛГОКА','45Р32Н-2 (ВЭБР-160/9)','ИСКАТЕЛЬ',NULL,NULL,'50141002',10,NULL,NULL,NULL,'1899-12-30','Активно РЧЦ',' (по данным РЧЦ)','164.950;'),(469,13,NULL,'НАЛАДЧИК БУРСТАНКОВ, Г. ГУБКИН, ПРОМПЛОЩАДКА ЛГОКА','45Р32Н-2 (ВЭБР-160/9)','ИСКАТЕЛЬ',NULL,NULL,'50161002',10,NULL,NULL,NULL,'1899-12-30','Активно РЧЦ',' (по данным РЧЦ)','164.950;'),(470,13,NULL,'НАЛАДЧИК СМЕНЫ КАРЬЕРА, Г. ГУБКИН, ПРОМПЛОЩАДКА ЛГОКА','45Р32Н-2 (ВЭБР-160/9)','ИСКАТЕЛЬ',NULL,NULL,'32321200',10,NULL,NULL,NULL,'1899-12-30','Активно РЧЦ',' (по данным РЧЦ)','164.950;'),(471,13,'Возимое','Татра №85-71 БЕП','16Р22В-1(Маяк)','ИСКАТЕЛЬ',NULL,NULL,'345581090',10,NULL,NULL,'31-174/1147','2004-12-18','Активно РЧЦ',' (по данным РЧЦ)','164.950;'),(472,13,'Носимое','носимая','45Р32Н-2 (ВЭБР-160/9)','ИСКАТЕЛЬ',NULL,NULL,'24620600',2,NULL,NULL,'31-174/1123','2004-12-18','Активно РЧЦ',' (по данным РЧЦ)','164.950;'),(473,13,'Носимое','носимая','45Р32Н-2 (ВЭБР-160/9)','ИСКАТЕЛЬ',NULL,NULL,'24530600',2,NULL,NULL,'31-174/1122','2004-12-18','Активно РЧЦ','Повтор (по данным РЧЦ)','164.950;'),(474,13,'Носимое','носимая','45Р32Н-2 (ВЭБР-160/9)','ИСКАТЕЛЬ',NULL,NULL,'24450600',2,NULL,NULL,'31-174/1124','2004-12-18','Активно РЧЦ',' (по данным РЧЦ)','164.950;'),(475,13,'Возимое','бурстанок №90','45Р32Н-2 (ВЭБР-160/9)','ИСКАТЕЛЬ',NULL,NULL,'24410600',10,NULL,NULL,'31-174/1131','2004-12-18','Активно РЧЦ',' (по данным РЧЦ)','164.950;'),(476,13,'Возимое','бурстанок №91','45Р32Н-2 (ВЭБР-160/9)','ИСКАТЕЛЬ',NULL,NULL,'32301200',10,NULL,NULL,'31-174/1132','2004-12-18','Активно РЧЦ',' (по данным РЧЦ)','164.950;'),(477,13,'Возимое','бурстанок №92','45Р32Н-2 (ВЭБР-160/9)','ИСКАТЕЛЬ',NULL,NULL,'32311200',10,NULL,NULL,'31-174/1133','2004-12-18','Активно РЧЦ',' (по данным РЧЦ)','164.950;'),(478,13,'Возимое','бурстанок №43','45Р32Н-2 (ВЭБР-160/9)','ИСКАТЕЛЬ',NULL,NULL,'24500600',10,NULL,NULL,'31-174/1127','2004-12-18','Активно РЧЦ',' (по данным РЧЦ)','164.950;'),(479,13,'Возимое','бурстанок №93','45Р32Н-2 (ВЭБР-160/9)','ИСКАТЕЛЬ',NULL,NULL,'24570600',10,NULL,NULL,'31-174/1134','2004-12-18','Активно РЧЦ',' (по данным РЧЦ)','164.950;'),(480,13,'Возимое','бурстанок №85','45Р32Н-2 (ВЭБР-160/9)','ИСКАТЕЛЬ',NULL,NULL,'24580600',10,NULL,NULL,'31-174/1129','2004-12-18','Активно РЧЦ',' (по данным РЧЦ)','164.950;'),(481,13,'Возимое','бурстанок №95','45Р32Н-2 (ВЭБР-160/9)','ИСКАТЕЛЬ',NULL,NULL,'50171002',10,NULL,NULL,'31-174/1135','2004-12-18','Активно РЧЦ',' (по данным РЧЦ)','164.950;'),(482,13,'Возимое','бурстанок №86','45Р32Н-2 (ВЭБР-160/9)','ИСКАТЕЛЬ',NULL,NULL,'24560600',10,NULL,NULL,'31-174/1130','2004-12-18','Активно РЧЦ',' (по данным РЧЦ)','164.950;'),(483,13,'Возимое','бурстанок №96','45Р32Н-2 (ВЭБР-160/9)','ИСКАТЕЛЬ',NULL,NULL,'50151002',10,NULL,NULL,'31-174/1136','2004-12-18','Активно РЧЦ',' (по данным РЧЦ)','164.950;'),(484,13,'Возимое','бурстанок №57','45Р32Н-2 (ВЭБР-160/9)','ИСКАТЕЛЬ',NULL,NULL,'24430600',10,NULL,NULL,'31-174/1128','2004-12-18','Активно РЧЦ',' (по данным РЧЦ)','164.950;'),(485,13,'Носимое','носимая','45Р32Н-2 (ВЭБР-160/9)','ИСКАТЕЛЬ',NULL,NULL,'24530600~',2,NULL,NULL,'31-174/1118','2004-12-18','Активно РЧЦ','Повтор (по данным РЧЦ)','164.950;'),(486,13,'Носимое','носимая','45Р32Н-2 (ВЭБР-160/9)','ИСКАТЕЛЬ',NULL,NULL,'24540600',2,NULL,NULL,'31-174/1119','2004-12-18','Активно РЧЦ',' (по данным РЧЦ)','164.950;'),(487,13,'Носимое','носимая','45Р32Н-2 (ВЭБР-160/9)','ИСКАТЕЛЬ',NULL,NULL,'24460600',2,NULL,NULL,'31-174/1120','2004-12-18','Активно РЧЦ',' (по данным РЧЦ)','164.950;'),(488,13,'Носимое','носимая','45Р32Н-2 (ВЭБР-160/9)','ИСКАТЕЛЬ',NULL,NULL,'24590600~',2,NULL,NULL,NULL,'1899-12-30','Активно РЧЦ','Повтор (по данным РЧЦ)','164.950;'),(489,8,'Стационарное','Площадка ЛГОК','Малютка-1 РРС',NULL,NULL,NULL,'255/846',2,'1899-12-30','1899-12-30','31-1/1535-1','2007-02-15','Списано','Предоставлена копия акта списания осн средств во ФГУП РЧЦ ЦФО (1.10.2006г.) (по данным РЧЦ)','165.300,325/150.300,325;'),(490,4,NULL,'Промплощадка ЛГОК (ЛГОК)','Motorola GM-350','ЗНАК',NULL,NULL,'821TAC4599',2,'1899-12-30','1899-12-30','31-138/0200','2004-12-18','Активно РЧЦ','Крановый участок','166.750;'),(491,4,'Носимое','носимая','Motorola P040','ЗНАК',NULL,NULL,'422HCC3280',2,'1899-12-30','1899-12-30','31-174/1174','2004-12-18','Активно РЧЦ','Крановый участок','166.750;'),(492,4,'Носимое','носимая','Motorola P040','ЗНАК',NULL,NULL,'422HCC3287',2,'1899-12-30','1899-12-30','31-174/1175','2004-12-18','Активно РЧЦ','Крановый участок','166.750;'),(493,4,'Носимое','носимая','Motorola P040','ЗНАК',NULL,NULL,'422HBU1738',2,'1899-12-30','1899-12-30','31-174/1183','2004-12-18','Активно РЧЦ','Крановый участок','166.750;'),(494,4,'Носимое','носимая','Motorola P040','ЗНАК',NULL,NULL,'422TAU0051',2,'1899-12-30','1899-12-30','31-174/1177','2004-12-18','Активно РЧЦ','Крановый участок','166.750;'),(495,4,'Носимое','носимая','Motorola P040','ЗНАК',NULL,NULL,'422TAU0043',2,'1899-12-30','1899-12-30','31-174/1178','2004-12-18','Активно РЧЦ','Крановый участок','166.750;'),(496,4,'Носимое','носимая','Motorola P040','ЗНАК',NULL,NULL,'422TAU0015',2,'1899-12-30','1899-12-30','31-174/1179','2004-12-18','Активно РЧЦ','Крановый участок','166.750;'),(497,4,'Носимое','носимая','Motorola P040','ЗНАК',NULL,NULL,'422TAU0018',2,'1899-12-30','1899-12-30','31-174/1180','2004-12-18','Активно РЧЦ','Крановый участок','166.750;'),(498,4,'Носимое','носимая','Motorola P040','ЗНАК',NULL,NULL,'422TAU0038',2,'1899-12-30','1899-12-30','31-174/1181','2004-12-18','Активно РЧЦ','Крановый участок','166.750;'),(499,4,'Носимое','носимая','Motorola P040','ЗНАК',NULL,NULL,'422TAU0059',2,'1899-12-30','1899-12-30','31-174/1182','2004-12-18','Активно РЧЦ','Крановый участок','166.750;'),(500,4,'Носимое','носимая','Motorola P040','ЗНАК',NULL,NULL,'422TAS1367',2,'1899-12-30','1899-12-30','31-174/1176','2004-12-18','Активно РЧЦ','Крановый участок','166.750;'),(501,4,'Носимое','носимая','Motorola P040','ЗНАК',NULL,NULL,'422TAG5218',2,'1899-12-30','1899-12-30','31-174/1191','2008-12-17','Активно РЧЦ','Склад концентрата','166.800;'),(502,4,'Носимое','носимая','Motorola P040','ЗНАК',NULL,NULL,'422TAG8276',2,'1899-12-30','1899-12-30','31-174/1188','2008-12-17','Активно РЧЦ','Склад концентрата','166.800;'),(503,4,'Носимое','носимая','Motorola P040','ЗНАК',NULL,NULL,'422TAG8267',2,'1899-12-30','1899-12-30','31-174/1188','2008-12-17','Активно РЧЦ','Склад концентрата','166.800;'),(504,4,'Носимое','носимая','Motorola P040','ЗНАК',NULL,NULL,'422TAG8277',2,'1899-12-30','1899-12-30','31-174/1189','2008-12-17','Активно РЧЦ','Склад концентрата','166.800;'),(505,4,'Носимое','носимая','Motorola P040','ЗНАК',NULL,NULL,'422TAG5497',2,'1899-12-30','1899-12-30','31-174/1190','2008-12-17','Активно РЧЦ','Склад концентрата','166.800;'),(506,4,'Носимое','носимая','Motorola P040','ЗНАК',NULL,NULL,'422TAG5516',2,'1899-12-30','1899-12-30','31-174/1186','2008-12-17','Активно РЧЦ','Склад концентрата','166.800;'),(507,4,'Базовое','склад концентрата №2, г. Губкин, промплощадка ЛГОКа','Motorola GM-350','ЗНАК',NULL,NULL,'821TZW4385',2,'1899-12-30','1899-12-30','31-138/0202','2008-12-17','Активно РЧЦ','Склад концентрата','166.800;'),(508,4,'Базовое','склад концентрата №1,  г. Губкин, промплощадка ЛГОКа','Motorola GM-350','ЗНАК',NULL,NULL,'821TAC4578',2,'1899-12-30','1899-12-30','31-138/0201','2008-12-17','Активно РЧЦ','Склад концентрата','166.800;'),(509,4,'Носимое','носимая','Motorola P040','ЗНАК',NULL,NULL,'422TAJ0042',2,'1899-12-30','1899-12-30','31-174/1192','2008-12-17','Активно РЧЦ','Склад концентрата','166.800;'),(510,4,'Носимое','носимая','Motorola P040','ЗНАК',NULL,NULL,'422TAG8272',2,'1899-12-30','1899-12-30','31-174/1184','2008-12-17','Активно РЧЦ','Склад концентрата','166.800;'),(511,4,'Носимое','носимая','Motorola P040','ЗНАК',NULL,NULL,'422TAJ8824',2,'1899-12-30','1899-12-30','31-174/1193','2008-12-17','Активно РЧЦ','Склад концентрата','166.800;'),(512,4,'Носимое','носимая','Motorola P040','ЗНАК',NULL,NULL,'422TAJ8825',2,'1899-12-30','1899-12-30','31-174/1194','2008-12-17','Активно РЧЦ','Склад концентрата','166.800;'),(513,4,'Носимое','носимая','Motorola P040','ЗНАК',NULL,NULL,'422TAG2944',2,'1899-12-30','1899-12-30','31-174/1185','2008-12-17','Активно РЧЦ','Склад концентрата','166.800;'),(514,8,'Носимое','носимая','Motorola P040','ЗНАК',NULL,NULL,'422TAJ8914',2,'1899-12-30','1899-12-30','31-174/1195','2004-12-18','Активно РЧЦ',' (по данным РЧЦ)','166.900;'),(515,8,'Носимое','носимая','Motorola P040','ЗНАК',NULL,NULL,'422TAJ8924',2,'1899-12-30','1899-12-30','31-174/1196','2004-12-18','Активно РЧЦ',' (по данным РЧЦ)','166.900;'),(516,5,'Носимое','носимая','Motorola GP-300','ЗНАК',NULL,NULL,'174IYJ5553',2,NULL,NULL,'31-174/1205','2004-12-18','Активно РЧЦ',' (по данным РЧЦ)','167.025;'),(517,5,'Носимое','носимая','Motorola GP-300','ЗНАК',NULL,NULL,'174IYJ5573',2,NULL,NULL,'31-174/1207','2004-12-18','Активно РЧЦ',' (по данным РЧЦ)','167.025;'),(518,5,'Носимое','носимая','Motorola GP-300','ЗНАК',NULL,NULL,'174IYJ5545',2,NULL,NULL,'31-174/1204','2004-12-18','Активно РЧЦ',' (по данным РЧЦ)','167.025;'),(519,5,'Носимое','носимая','Motorola GP-300','ЗНАК',NULL,NULL,'174IYAA498',2,NULL,NULL,'31-174/1197','2004-12-18','Активно РЧЦ',' (по данным РЧЦ)','167.025;'),(520,5,'Носимое','носимая','Motorola GP-300','ЗНАК',NULL,NULL,'174IYAE699',2,NULL,NULL,'31-174/1199','2004-12-18','Активно РЧЦ',' (по данным РЧЦ)','167.025;'),(521,5,NULL,'Промплощадка ЛГОК (ЛГОК)','Motorola GM-350','ЗНАК',NULL,NULL,'821TAY4575',2,NULL,NULL,'31-138/0103','2004-12-18','Активно РЧЦ',' (по данным РЧЦ)','167.025;'),(522,5,'Носимое','носимая','Motorola P040','ЗНАК',NULL,NULL,'422HBUQ993',2,NULL,NULL,'31-174/1211','2004-12-18','Активно РЧЦ',' (по данным РЧЦ)','167.025;'),(523,5,'Носимое','носимая','Motorola GP-300','ЗНАК',NULL,NULL,'174IYCB059',2,NULL,NULL,'31-174/1201','2004-12-18','Активно РЧЦ',' (по данным РЧЦ)','167.025;'),(524,5,'Носимое','носимая','Motorola GP-300','ЗНАК',NULL,NULL,'174IYE6284',2,NULL,NULL,'31-174/1202','2004-12-18','Активно РЧЦ',' (по данным РЧЦ)','167.025;'),(525,5,'Носимое','носимая','Motorola GP-300','ЗНАК',NULL,NULL,'174IYE6295',2,NULL,NULL,'31-174/1203','2004-12-18','Активно РЧЦ',' (по данным РЧЦ)','167.025;'),(526,5,'Носимое','носимая','Motorola GP-300','ЗНАК',NULL,NULL,'174IYJ9271',2,NULL,NULL,'31-174/1208','2004-12-18','Активно РЧЦ',' (по данным РЧЦ)','167.025;'),(527,5,'Носимое','носимая','Motorola GP-300','ЗНАК',NULL,NULL,'174IYAK210',2,NULL,NULL,'31-174/1200','2004-12-18','Активно РЧЦ',' (по данным РЧЦ)','167.025;'),(528,5,'Носимое','носимая','Motorola GP-300','ЗНАК',NULL,NULL,'174IYJ5567',2,NULL,NULL,'31-174/1206','2004-12-18','Активно РЧЦ',' (по данным РЧЦ)','167.025;'),(529,5,'Носимое','носимая','Motorola GP-300','ЗНАК',NULL,NULL,'174IYAA500',2,NULL,NULL,'31-174/1198','2004-12-18','Активно РЧЦ',' (по данным РЧЦ)','167.025;'),(530,5,'Носимое','носимая','Motorola P040','ЗНАК',NULL,NULL,'422HBUR153',2,NULL,NULL,'31-174/1214','2004-12-18','Активно РЧЦ',' (по данным РЧЦ)','167.025;'),(531,5,'Носимое','носимая','Motorola P040','ЗНАК',NULL,NULL,'422HBUR154',2,NULL,NULL,'31-174/1215','2004-12-18','Активно РЧЦ',' (по данным РЧЦ)','167.025;'),(532,5,'Носимое','носимая','Motorola P040','ЗНАК',NULL,NULL,'422HBUR184',2,NULL,NULL,'31-174/1217','2004-12-18','Активно РЧЦ',' (по данным РЧЦ)','167.025;'),(533,5,'Носимое','носимая','Motorola P040','ЗНАК',NULL,NULL,'422HBUR175',2,NULL,NULL,'31-174/1216','2004-12-18','Активно РЧЦ',' (по данным РЧЦ)','167.025;'),(534,5,'Носимое','носимая','Motorola P040','ЗНАК',NULL,NULL,'422HBUQ992',2,NULL,NULL,'31-174/1210','2004-12-18','Активно РЧЦ',' (по данным РЧЦ)','167.025;'),(535,5,'Носимое','носимая','Motorola P040','ЗНАК',NULL,NULL,'422HBUQ994',2,NULL,NULL,'31-174/1212','2004-12-18','Активно РЧЦ',' (по данным РЧЦ)','167.025;'),(536,5,'Носимое','носимая','Motorola P040','ЗНАК',NULL,NULL,'422HBUQ995',2,NULL,NULL,'31-174/1213','2004-12-18','Активно РЧЦ',' (по данным РЧЦ)','167.025;'),(537,5,'Носимое','носимая','Motorola P040','ЗНАК',NULL,NULL,'422HBUQ988',2,NULL,NULL,'31-174/1209','2004-12-18','Активно РЧЦ',' (по данным РЧЦ)','167.025;'),(538,2,NULL,'г. Губкин, промплощадка ЛГОКа','Motorola GM-350','ЗНАК',NULL,NULL,'821IXC2010',2,NULL,NULL,'31-138/0210','1899-12-30','Активно РЧЦ',' (по данным РЧЦ)','167.100;'),(539,2,NULL,'г. Губкин, промплощадка ЛГОКа','Motorola GM-350','ЗНАК',NULL,NULL,'821IXC2114',2,NULL,NULL,'31-138/0211','1899-12-30','Активно РЧЦ',' (по данным РЧЦ)','167.100;'),(540,2,NULL,'г. Губкин, промплощадка ЛГОКа','Motorola GM-350','ЗНАК',NULL,NULL,'821IXC2125',2,NULL,NULL,'31-138/0206','1899-12-30','Активно РЧЦ',' (по данным РЧЦ)','167.100;'),(541,2,NULL,'г. Губкин, промплощадка ЛГОКа','Motorola GM-350','ЗНАК',NULL,NULL,'821ICX2361',2,NULL,NULL,'31-138/0219','2004-12-18','Активно РЧЦ',' (по данным РЧЦ)','167.100;'),(542,2,NULL,'г. Губкин, промплощадка ЛГОКа','Motorola GM-350','ЗНАК',NULL,NULL,'821IXC2520',2,NULL,NULL,'31-138/0215','1899-12-30','Активно РЧЦ',' (по данным РЧЦ)','167.100;'),(543,2,NULL,'г. Губкин, промплощадка ЛГОКа','Motorola GM-350','ЗНАК',NULL,NULL,'821ICX2512',2,NULL,NULL,'31-138/0216','2004-12-18','Активно РЧЦ',' (по данным РЧЦ)','167.100;'),(544,2,NULL,'г. Губкин, промплощадка ЛГОКа','Motorola GM-350','ЗНАК',NULL,NULL,'821IXC1729',2,NULL,NULL,'31-138/0214','2004-12-18','Активно РЧЦ',' (по данным РЧЦ)','167.100;'),(545,2,NULL,'г. Губкин, промплощадка ЛГОКа','Motorola GM-350','ЗНАК',NULL,NULL,'821IXC1836',2,NULL,NULL,'31-138/0218','2004-12-18','Активно РЧЦ',' (по данным РЧЦ)','167.100;'),(546,2,NULL,'г. Губкин, промплощадка ЛГОКа','Motorola GM-350','ЗНАК',NULL,NULL,'821IXC1724',2,NULL,NULL,'31-138/0217','2004-12-18','Активно РЧЦ',' (по данным РЧЦ)','167.100;'),(547,2,NULL,'г. Губкин, промплощадка ЛГОКа','Motorola GM-350','ЗНАК',NULL,NULL,'821IXC1725',2,NULL,NULL,'31-138/0212','2004-12-18','Активно РЧЦ',' (по данным РЧЦ)','167.100;'),(548,2,NULL,'г. Губкин, промплощадка ЛГОКа','Motorola GM-350','ЗНАК',NULL,NULL,'821IXC0891',2,NULL,NULL,'31-138/0204','2004-12-18','Активно РЧЦ',' (по данным РЧЦ)','167.100;'),(549,2,NULL,'г. Губкин, промплощадка ЛГОКа','Motorola GM-350','ЗНАК',NULL,NULL,'821IXC0884',2,NULL,NULL,'31-138/0205','2004-12-18','Активно РЧЦ',' (по данным РЧЦ)','167.100;'),(550,2,NULL,'г. Губкин, промплощадка ЛГОКа','Motorola GM-350','ЗНАК',NULL,NULL,'821IXC1918',2,NULL,NULL,'31-138/0213','2004-12-18','Активно РЧЦ',' (по данным РЧЦ)','167.100;'),(551,2,NULL,'г. Губкин, промплощадка ЛГОКа','Motorola GM-350','ЗНАК',NULL,NULL,'821IXC0905',2,NULL,NULL,'31-138/0207','2004-12-18','Активно РЧЦ',' (по данным РЧЦ)','167.100;'),(552,2,NULL,'г. Губкин, промплощадка ЛГОКа','Motorola GM-350','ЗНАК',NULL,NULL,'821IXC0907',2,NULL,NULL,'31-138/0208','2004-12-18','Активно РЧЦ',' (по данным РЧЦ)','167.100;'),(553,2,'Возимое','УАЗ 060','Motorola GM-350','ЗНАК',NULL,NULL,'821IXC1985',2,NULL,NULL,'31-174/1218','1899-12-30','Активно РЧЦ',' (по данным РЧЦ)','167.100;'),(554,2,'Возимое','УАЗ 066','Motorola GM-350','ЗНАК',NULL,NULL,'821IXC1730',2,NULL,NULL,'31-174/1219','2004-12-18','Активно РЧЦ',' (по данным РЧЦ)','167.100;'),(555,2,'Возимое','экскаватор №73','Motorola GM-350','ЗНАК',NULL,NULL,'821IXC2028',2,NULL,NULL,'31-174/1220','1899-12-30','Активно РЧЦ',' (по данным РЧЦ)','167.100;'),(556,2,'Возимое','экскаватор №75','Motorola GM-350','ЗНАК',NULL,NULL,'821IXC1833',2,NULL,NULL,'31-174/1221','2004-12-18','Активно РЧЦ',' (по данным РЧЦ)','167.100;'),(557,2,'Возимое','экскаватор №76','Motorola GM-350','ЗНАК',NULL,NULL,'821IXC1838',2,NULL,NULL,'31-174/1222','2004-12-18','Активно РЧЦ',' (по данным РЧЦ)','167.100;'),(558,2,'Носимое','носимая','Motorola GP-300','ЗНАК',NULL,NULL,'174IXC3125',2,NULL,NULL,'31-174/1237','2004-12-18','Активно РЧЦ',' (по данным РЧЦ)','167.100;'),(559,2,'Носимое','носимая','Motorola GP-300','ЗНАК',NULL,NULL,'174IXC3236',2,NULL,NULL,'31-174/1239','2004-12-18','Активно РЧЦ',' (по данным РЧЦ)','167.100;'),(560,2,'Носимое','носимая','Motorola GP-300','ЗНАК',NULL,NULL,'174IXC1494',2,NULL,NULL,'31-174/1229','2004-12-18','Активно РЧЦ',' (по данным РЧЦ)','167.100;'),(561,2,'Носимое','носимая','Motorola GP-300','ЗНАК',NULL,NULL,'174IXC1905',2,NULL,NULL,'31-174/1232','2004-12-18','Активно РЧЦ',' (по данным РЧЦ)','167.100;'),(562,2,'Носимое','носимая','Motorola GP-300','ЗНАК',NULL,NULL,'174IXC1042',2,NULL,NULL,'31-174/1224','2004-12-18','Активно РЧЦ',' (по данным РЧЦ)','167.100;'),(563,2,'Носимое','носимая','Motorola GP-300','ЗНАК',NULL,NULL,'174IXC1160',2,NULL,NULL,'31-174/1227','2004-12-18','Активно РЧЦ',' (по данным РЧЦ)','167.100;'),(564,2,'Носимое','носимая','Motorola GP-300','ЗНАК',NULL,NULL,'174IXC1155',2,NULL,NULL,'31-174/1226','2004-12-18','Активно РЧЦ',' (по данным РЧЦ)','167.100;'),(565,2,'Носимое','носимая','Motorola GP-300','ЗНАК',NULL,NULL,'174IXC1136',2,NULL,NULL,'31-174/1225','2004-12-18','Активно РЧЦ',' (по данным РЧЦ)','167.100;'),(566,2,'Носимое','носимая','Motorola GP-300','ЗНАК',NULL,NULL,'174IXC3169',2,NULL,NULL,'31-174/1238','2004-12-18','Активно РЧЦ',' (по данным РЧЦ)','167.100;'),(567,2,'Носимое','носимая','Motorola GP-300','ЗНАК',NULL,NULL,'174IXC1385',2,NULL,NULL,'31-174/1228','2004-12-18','Активно РЧЦ',' (по данным РЧЦ)','167.100;'),(568,2,'Носимое','носимая','Motorola GP-300','ЗНАК',NULL,NULL,'174IXC0670',2,NULL,NULL,'31-174/1223','2004-12-18','Активно РЧЦ',' (по данным РЧЦ)','167.100;'),(569,2,'Носимое','носимая','Motorola GP-300','ЗНАК',NULL,NULL,'174IXC1650',2,NULL,NULL,'31-174/1230','2004-12-18','Активно РЧЦ',' (по данным РЧЦ)','167.100;'),(570,2,'Носимое','носимая','Motorola GP-300','ЗНАК',NULL,NULL,'174IXC1830',2,NULL,NULL,'31-174/1231','2004-12-18','Активно РЧЦ',' (по данным РЧЦ)','167.100;'),(571,2,'Носимое','носимая','Motorola GP-300','ЗНАК',NULL,NULL,'174IXC1986',2,NULL,NULL,'31-174/1235','2004-12-18','Активно РЧЦ',' (по данным РЧЦ)','167.100;'),(572,2,'Носимое','носимая','Motorola GP-300','ЗНАК',NULL,NULL,'174IXC1907',2,NULL,NULL,'31-174/1233','2004-12-18','Активно РЧЦ',' (по данным РЧЦ)','167.100;'),(573,2,'Носимое','носимая','Motorola GP-300','ЗНАК',NULL,NULL,'174IXC1908',2,'1899-12-30','1899-12-30','31-174/1234','2004-12-18','Активно РЧЦ',' (по данным РЧЦ)','167.100;'),(574,2,'Носимое','носимая','Motorola GP-300','ЗНАК',NULL,NULL,'174IXC1988',2,NULL,NULL,'31-174/1235','2004-12-18','Активно РЧЦ',' (по данным РЧЦ)','167.100;'),(575,2,NULL,'г. Губкин, промплощадка ЛГОКа','Motorola GM-350','ЗНАК',NULL,NULL,'821IXC1722',2,NULL,NULL,'31-138/0209','2004-12-18','Активно РЧЦ',' (по данным РЧЦ)','167.100;'),(576,8,'Носимое','носимая','Motorola GP-300','ЗНАК',NULL,NULL,'174IXC1781',2,'1899-12-30','1899-12-30',NULL,'1899-12-30','Активно РЧЦ',' (по данным РЧЦ)','167.275;'),(577,8,'Носимое','носимая','Motorola GP-300','ЗНАК',NULL,NULL,'174IXC1777',2,'1899-12-30','1899-12-30',NULL,'1899-12-30','Активно РЧЦ',' (по данным РЧЦ)','167.275;'),(578,8,'Стационарное','ОК \"Лесная сказка\"','Алтай АС-СПК',NULL,NULL,NULL,'14959210',10,'1899-12-30','1899-12-30','31-138/0220','2008-12-17','Активно РЧЦ','Удл. Повтор.','307.675/343.675;'),(579,8,'Стационарное','ОК \"Лесная сказка\"','УТК-1А',NULL,NULL,NULL,'223996',10,'1899-12-30','1899-12-30','31-138/0222','2008-12-17','Активно РЧЦ','Удл. Повтор.','307.7125/343.7125;'),(580,8,'Стационарное','База отдыха \"Лебедь\"','Лес-400РТ (АС)',NULL,NULL,NULL,'525',10,'1899-12-30','1899-12-30','31-138/0224','2008-12-17','Активно РЧЦ','Удл. Повтор','307.775/343.775;'),(581,8,'Стационарное','Промплощадка ЛГОК','Лес-400РТ (АС)',NULL,NULL,NULL,'529',10,'1899-12-30','1899-12-30','31-138/0226','2008-12-17','Активно РЧЦ','Удл. Повтор.','307.7875/343.7875;'),(582,8,'Стационарное','База отдыха \"Лебедь\"','Лес-400РТ (АС)',NULL,NULL,NULL,'475',10,'1899-12-30','1899-12-30','31-138/0228','2008-12-17','Активно РЧЦ','Удл. Повтор.','307.8/343.8;'),(583,8,'Стационарное','Карьер ЛГОК','Лес-400РТ (АС)',NULL,NULL,NULL,'470',10,'1899-12-30','1899-12-30','31-138/0230','2008-12-17','Активно РЧЦ','Удл. Повтор.','307.8125/343.8125;'),(584,8,'Стационарное','ОК \"Лесная сказка\"','Лес-400РТ (АС)',NULL,NULL,NULL,'434',10,'1899-12-30','1899-12-30','31-138/0232','2008-12-17','Активно РЧЦ','Удл. Повтор.','307.825/343.825;'),(585,8,'Стационарное','г. Губкин','Лес-400РТ (АС)',NULL,NULL,NULL,'592',10,'1899-12-30','1899-12-30','31-138/0234','2008-12-17','Активно РЧЦ','Удл. Повтор.','307.9/343.9;'),(586,8,'Стационарное','Промплощадка ЛГОК (ЛГОК)','Лес-400РТ (АС)',NULL,NULL,NULL,'480',10,'1899-12-30','1899-12-30','31-138/0236','2008-12-17','Активно РЧЦ','Удл. Повтор.','307.9125/343.9125;'),(587,8,'Стационарное','Промплощадка ЛГОК (ЛГОК)','Карт-4',NULL,NULL,NULL,'14959210~',10,'1899-12-30','1899-12-30','31-138/0221','2008-12-17','Активно РЧЦ','Удл. Повтор.','307.675/343.675;'),(588,8,'Стационарное','Промплощадка ЛГОК (ЛГОК)','УТК-1Ц',NULL,NULL,NULL,'223996~',10,'1899-12-30','1899-12-30','31-138/0223','2008-12-17','Активно РЧЦ','Удл. Повтор.','307.7125/343.7125;'),(589,8,'Стационарное','Промплощадка ЛГОК (ЛГОК)','Лес-400РТ (ЦС)',NULL,NULL,NULL,'525~',10,'1899-12-30','1899-12-30','31-138/0225','2008-12-17','Активно РЧЦ','Удл. Повтор.','307.775/343.775;'),(590,8,'Стационарное','Промплощадка ЛГОК (ЛГОК)','Лес-400РТ (ЦС)',NULL,NULL,NULL,'529~',10,'1899-12-30','1899-12-30','31-138/0227','2008-12-17','Активно РЧЦ','Удл. Повтор.','307.7875/343.7875;'),(591,8,'Стационарное','Промплощадка ЛГОК (ЛГОК)','Лес-400РТ (ЦС)',NULL,NULL,NULL,'475~',10,'1899-12-30','1899-12-30','31-138/0229','2008-12-17','Активно РЧЦ','Удл. Повтор.','307.8/343.8;'),(592,8,'Стационарное','Промплощадка ЛГОК (ЛГОК)','Лес-400РТ (ЦС)',NULL,NULL,NULL,'470~',10,'1899-12-30','1899-12-30','31-138/0231','2008-12-17','Активно РЧЦ','Удл. Повтор.','307.8125/343.8125;'),(593,8,'Стационарное','Промплощадка ЛГОК (ЛГОК)','Лес-400РТ (ЦС)',NULL,NULL,NULL,'434~',10,'1899-12-30','1899-12-30','31-138/0233','2008-12-17','Активно РЧЦ','Удл. Повтор.','307.825/343.825;'),(594,8,'Стационарное','Промплощадка ЛГОК (ЛГОК)','Лес-400РТ (ЦС)',NULL,NULL,NULL,'592~',10,'1899-12-30','1899-12-30','31-138/0235','2008-12-17','Активно РЧЦ','Удл. Повтор.','307.9/343.9;'),(595,8,'Стационарное','Промплощадка ЛГОК (ЛГОК)','Лес-400РТ (ЦС)',NULL,NULL,NULL,'480~',10,'1899-12-30','1899-12-30','31-138/0237','2008-12-17','Активно РЧЦ','Удл. Повтор.','307.9125/343.9125;'),(596,8,'Стационарное','ПРОМПЛОЩАДКА ЛГОК','Перевал-2   РРС',NULL,NULL,NULL,NULL,0.32,'1899-12-30','1899-12-30','РРЛ-31-4737','2006-11-01','Активно РЧЦ',' (по данным РЧЦ)','36540/36078;'),(597,8,'Возимое','ПАЗ №09-18 АОС','1Р21В-3(Лен-В)','ОХРА','16K0F3V',NULL,'188900782',10,'1899-12-30','1899-12-30','31-174/0801','2008-12-22','Активно РЧЦ',' (по данным РЧЦ)','36.125;'),(598,8,'Возимое','ПАЗ №07-09 АОС','1Р21В-3(Лен-В)','ОХРА','16K0F3V',NULL,'278190682',10,'1899-12-30','1899-12-30','31-174/0800','2008-12-22','Активно РЧЦ',' (по данным РЧЦ)','36.125;'),(599,13,NULL,'г. Губкин, карьер ЛГОКа','1Р21С-4(Лен-В)','ВЕЕР','16K0F3V',NULL,'244270187',10,NULL,NULL,'31-138/109','2008-12-17','Активно РЧЦ',' (по данным РЧЦ)','36.375;'),(600,13,NULL,'г. Губкин, карьер ЛГОКа','1Р21С-4(Лен-В)','ВЕЕР','16K0F3V',NULL,'271700388~',10,NULL,NULL,'31-138/0110','2008-12-17','Активно РЧЦ','Повтор (по данным РЧЦ)','36.375;'),(601,13,NULL,'г. Губкин, карьер ЛГОКа','ВЭБР 40/8 РД18','ВЕЕР','16K0F3V',NULL,'22811202',10,NULL,NULL,'31-138/0111','2008-12-17','Активно РЧЦ','Повтор (по данным РЧЦ)','36.375; 36.375;'),(602,13,NULL,'г. Губкин, карьер ЛГОКа','ВЭБР 40/8 РД18','ВЕЕР','16K0F3V',NULL,'22821202',10,NULL,NULL,'31-138/0112','2008-12-17','Активно РЧЦ','Повтор (по данным РЧЦ)','36.375;'),(603,13,'Возимое','Бурстанок СБШ №69','1Р21С-4(Лен-В)','ВЕЕР','16K0F3V',NULL,'205230187',10,NULL,NULL,'31-174/0802','2008-12-17','Активно РЧЦ',' (по данным РЧЦ)','36.375;'),(604,13,'Возимое','Бурстанок СБШ №80','1Р21С-4(Лен-В)','ВЕЕР','16K0F3V',NULL,'1268360287',10,NULL,NULL,'31-174/0806','2008-12-17','Активно РЧЦ',' (по данным РЧЦ)','36.375;'),(605,13,'Возимое','Бурстанок СБШ №81','1Р21С-4(Лен-В)','ВЕЕР','16K0F3V',NULL,'205161283',10,NULL,NULL,'31-174/0807','2008-12-17','Активно РЧЦ',' (по данным РЧЦ)','36.375;'),(606,13,'Возимое','Бурстанок СБШ №82','1Р21С-4(Лен-В)','ВЕЕР','16K0F3V',NULL,'86880480',10,NULL,NULL,'31-174/0808','2008-12-17','Активно РЧЦ',' (по данным РЧЦ)','36.375;'),(607,13,'Возимое','Бурстанок СБШ №83','1Р21С-4(Лен-В)','ВЕЕР','16K0F3V',NULL,'206090683',10,NULL,NULL,'31-174/0809','2008-12-17','Активно РЧЦ',' (по данным РЧЦ)','36.375;'),(608,13,'Возимое','Бурстанок СБШ №84','1Р21С-4(Лен-В)','ВЕЕР','16K0F3V',NULL,'201470683',10,NULL,NULL,'31-174/0810','2008-12-17','Активно РЧЦ',' (по данным РЧЦ)','36.375;'),(609,13,'Возимое','Бурстанок СБШ №94','1Р21С-4(Лен-В)','ВЕЕР','16K0F3V',NULL,'217440783',10,NULL,NULL,'31-174/0813','2008-12-17','Активно РЧЦ',' (по данным РЧЦ)','36.375;'),(610,13,'Возимое','Бурстанок СБШ №76','1Р21С-4(Лен-В)','ВЕЕР','16K0F3V',NULL,'270480883',10,NULL,NULL,'31-174/0803','2008-12-17','Активно РЧЦ',' (по данным РЧЦ)','36.375;'),(611,13,'Возимое','Бурстанок СБШ №87','1Р21С-4(Лен-В)','ВЕЕР','16K0F3V',NULL,'239869184',10,NULL,NULL,'31-174/0811','2008-12-17','Активно РЧЦ',' (по данным РЧЦ)','36.375;'),(612,13,'Возимое','Бурстанок СБШ №78','1Р21С-4(Лен-В)','ВЕЕР','16K0F3V',NULL,'224980284',10,NULL,NULL,'31-174/0804','2008-12-17','Активно РЧЦ',' (по данным РЧЦ)','36.375;'),(613,13,'Возимое','Бурстанок СБШ №88','1Р21С-4(Лен-В)','ВЕЕР','16K0F3V',NULL,'245090184',10,NULL,NULL,'31-174/0812','2008-12-17','Активно РЧЦ',' (по данным РЧЦ)','36.375;'),(614,13,'Возимое','Бурстанок СБШ №79','1Р21С-4(Лен-В)','ВЕЕР','16K0F3V',NULL,'25130583',10,NULL,NULL,'31-174/0805','2008-12-17','Активно РЧЦ',' (по данным РЧЦ)','36.375;'),(615,8,'Стационарное','ОТВАЛ №1 ЛГОК','Перевал-2   РРС',NULL,NULL,NULL,NULL,0.32,'1899-12-30','1899-12-30','РРЛ-31-4737','2006-11-01','Активно РЧЦ',' (по данным РЧЦ)','36540/36078;'),(616,8,'Возимое','Экскаватор №17','1Р21В-3(Лен-В)','ПЕЛИКАН','16K0F3V',NULL,'129151283',10,'1899-12-30','1899-12-30','31-174/0814','2004-12-22','Активно РЧЦ',' (по данным РЧЦ)','36.825;'),(617,8,'Возимое','Экскаватор №19','1Р21В-3(Лен-В)','ПЕЛИКАН','16K0F3V',NULL,'204171283',10,'1899-12-30','1899-12-30','31-174/0815','2004-12-22','Активно РЧЦ',' (по данным РЧЦ)','36.825;'),(618,8,'Возимое','Экскаватор №29','1Р21В-3(Лен-В)','ПЕЛИКАН','16K0F3V',NULL,'205141283',10,'1899-12-30','1899-12-30','31-174/0816','2004-12-22','Активно РЧЦ',' (по данным РЧЦ)','36.825;'),(619,8,'Возимое','Экскаватор №21','1Р21В-3(Лен-В)','ПЕЛИКАН','16K0F3V',NULL,'239771184',10,'1899-12-30','1899-12-30','31-174/0817','2004-12-22','Активно РЧЦ',' (по данным РЧЦ)','37.175;'),(620,8,'Возимое','Экскаватор №32','1Р21В-3(Лен-В)','ПЕЛИКАН','16K0F3V',NULL,'204161283',10,'1899-12-30','1899-12-30','31-174/0818','2004-12-22','Активно РЧЦ',' (по данным РЧЦ)','37.175;'),(621,8,'Возимое','Экскаватор №11','Гранит Д','ОРБИТА','16K0F3V',NULL,'11450479',10,'1899-12-30','1899-12-30','31-174/0819','2004-12-22','Активно РЧЦ',' (по данным РЧЦ)','37.575;'),(622,8,'Возимое','Экскаватор №36','Гранит Д','ОРБИТА','16K0F3V',NULL,'21590379',10,'1899-12-30','1899-12-30','31-174/0820','2004-12-22','Активно РЧЦ',' (по данным РЧЦ)','37.575;'),(623,13,NULL,'Промплощадка ЛГОК (ЛГОК)','1Р21С-4(Лен-В)','ПАСТА','16K0F3V',NULL,'0278190680',10,NULL,NULL,'31-138/0113','2004-12-17','Активно РЧЦ',' (по данным РЧЦ)','41.3;'),(624,13,'Возимое','Экскаватор №95','1Р21С-4(Лен-В)','ПАСТА','16K0F3V',NULL,'0200890863',10,NULL,NULL,'31-174/0822','2004-12-22','Активно РЧЦ',' (по данным РЧЦ)','41.3;'),(625,13,'Возимое','Экскаватор №27','1Р21С-4(Лен-В)','ПАСТА','16K0F3V',NULL,'0240590284',10,NULL,NULL,'31-174/0821','2004-12-22','Активно РЧЦ',' (по данным РЧЦ)','41.3;'),(626,9,NULL,'Промплощадка ЛГОК (ЛГОК)','Motorola M-208','ПАРАБОЛА','16K0F3V',NULL,'778TBE1369',10,NULL,NULL,'31-138/0115','2004-12-17','Активно РЧЦ',' (по данным РЧЦ)','42.35;'),(627,9,NULL,'г. Губкин, промплощадка ЛГОКа','Motorola M-208','ПАРАБОЛА','16K0F3V',NULL,'778TBG1391',10,NULL,NULL,'31-138/0122','2004-12-17','Активно РЧЦ',' (по данным РЧЦ)','42.35;'),(628,9,NULL,'г. Губкин, промплощадка ЛГОКа','Motorola M-208','ПАРАБОЛА','16K0F3V',NULL,'778TBG1366',10,NULL,NULL,'31-138/0121','2004-12-17','Активно РЧЦ',' (по данным РЧЦ)','42.35;'),(629,9,NULL,'г. Губкин, промплощадка ЛГОКа','Motorola M-208','ПАРАБОЛА','16K0F3V',NULL,'778TBG0930',10,NULL,NULL,'31-138/0117','2004-12-17','Активно РЧЦ',' (по данным РЧЦ)','42.35;'),(630,9,NULL,'г. Губкин, промплощадка ЛГОКа','Motorola M-208','ПАРАБОЛА','16K0F3V',NULL,'778TBG0931',10,NULL,NULL,'31-138/0118','2004-12-17','Активно РЧЦ',' (по данным РЧЦ)','42.35;'),(631,9,NULL,'г. Губкин, промплощадка ЛГОКа','Motorola M-208','ПАРАБОЛА','16K0F3V',NULL,'778TBG0932',10,NULL,NULL,'31-138/0119','2004-12-17','Активно РЧЦ',' (по данным РЧЦ)','42.35;'),(632,9,NULL,'г. Губкин, промплощадка ЛГОКа','Motorola M-208','ПАРАБОЛА','16K0F3V',NULL,'778TBG0939',10,NULL,NULL,'31-138/0120','2004-12-17','Активно РЧЦ',' (по данным РЧЦ)','42.35;'),(633,9,NULL,'г. Губкин, промплощадка ЛГОКа','Motorola M-208','ПАРАБОЛА','16K0F3V',NULL,'778TBG8943',10,NULL,NULL,'31-138/0123','2004-12-17','Активно РЧЦ',' (по данным РЧЦ)','42.35;'),(634,9,NULL,'Промплощадка ЛГОК (ЛГОК)','Motorola M-208','ПАРАБОЛА','16K0F3V',NULL,'778TBE1368',10,NULL,NULL,'31-138/0114','2004-12-17','Активно РЧЦ',' (по данным РЧЦ)','42.35;'),(635,9,NULL,'Промплощадка ЛГОК (ЛГОК)','Motorola M-208','ПАРАБОЛА','16K0F3V',NULL,'778TBQ0522',10,NULL,NULL,'31-138/0124','2004-12-17','Активно РЧЦ',' (по данным РЧЦ)','42.35;'),(636,9,NULL,'Промплощадка ЛГОК (ЛГОК)','Motorola M-208','ПАРАБОЛА','16K0F3V',NULL,'778TBS0522',10,NULL,NULL,'31-138/0126','2004-12-17','Активно РЧЦ',' (по данным РЧЦ)','42.35;'),(637,9,NULL,'Промплощадка ЛГОК (ЛГОК)','Motorola M-208','ПАРАБОЛА','16K0F3V',NULL,'778TBQ0704',10,NULL,NULL,'31-138/0125','2004-12-17','Активно РЧЦ','Повтор (по данным РЧЦ)','42.35;'),(638,9,NULL,'Промплощадка ЛГОК (ЛГОК)','Motorola M-208','ПАРАБОЛА','16K0F3V',NULL,'778TBE1371',10,NULL,NULL,'31-138/0116','2004-12-17','Активно РЧЦ',' (по данным РЧЦ)','42.35;'),(639,9,NULL,'г.Губкин, промплощадка ЛГОКа','Motorola M-208','ПАЛЬМА','16K0F3V',NULL,'778TBQ0704~',10,'1899-12-30','1899-12-30','31-138/0130','2008-12-17','Активно РЧЦ','Повтор (по данным РЧЦ)','42.475;'),(640,9,NULL,'г.Губкин, промплощадка ЛГОКа','Motorola M-208','ПАЛЬМА','16K0F3V',NULL,'778TBQ0707',10,'1899-12-30','1899-12-30','31-138/0132','2008-12-17','Активно РЧЦ',' (по данным РЧЦ)','42.475;'),(641,9,NULL,'Площадка ЛГОК (ЛГОК)','Motorola M-208','ПАЛЬМА','16K0F3V',NULL,'778TBS0530',10,'1899-12-30','1899-12-30','31-138/0134','2008-12-17','Активно РЧЦ',' (по данным РЧЦ)','42.475;'),(642,9,NULL,'Площадка ЛГОК (ЛГОК)','Motorola M-208','ПАЛЬМА','16K0F3V',NULL,'778TBS0581',10,'1899-12-30','1899-12-30','31-138/0137','2008-12-17','Активно РЧЦ',' (по данным РЧЦ)','42.475;'),(643,9,NULL,'Площадка ЛГОК (ЛГОК)','Motorola M-208','ПАЛЬМА','16K0F3V',NULL,'778TBS0547',10,'1899-12-30','1899-12-30','31-138/0136','2008-12-17','Активно РЧЦ',' (по данным РЧЦ)','42.475;'),(644,9,NULL,'Площадка ЛГОК (ЛГОК)','Motorola M-208','ПАЛЬМА','16K0F3V',NULL,'778TBS0588',10,'1899-12-30','1899-12-30','31-138/0138','2008-12-17','Активно РЧЦ',' (по данным РЧЦ)','42.475;'),(645,9,NULL,'Площадка ЛГОК (ЛГОК)','Motorola M-208','ПАЛЬМА','16K0F3V',NULL,'778TBG0681',10,'1899-12-30','1899-12-30','31-138/0127','2008-12-17','Активно РЧЦ',' (по данным РЧЦ)','42.475;'),(646,9,NULL,'Площадка ЛГОК (ЛГОК)','Motorola M-208','ПАЛЬМА','16K0F3V',NULL,'778TBQ0691',10,'1899-12-30','1899-12-30','31-138/0129','2008-12-17','Активно РЧЦ',' (по данным РЧЦ)','42.475;'),(647,9,NULL,'Площадка ЛГОК (ЛГОК)','Motorola M-208','ПАЛЬМА','16K0F3V',NULL,'778TBQ0687',10,'1899-12-30','1899-12-30','31-138/0128','2008-12-17','Активно РЧЦ',' (по данным РЧЦ)','42.475;'),(648,9,NULL,'Промплощадка ЛГОК (ЛГОК)','Motorola M-208','ПАЛЬМА','16K0F3V',NULL,'778TBS0534',10,'1899-12-30','1899-12-30','31-138/0135','2008-12-17','Активно РЧЦ',' (по данным РЧЦ)','42.475;'),(649,9,NULL,'Промплощадка ЛГОК (ЛГОК)','Motorola M-208','ПАЛЬМА','16K0F3V',NULL,'778TBS0529',10,'1899-12-30','1899-12-30','31-138/0133','2008-12-17','Активно РЧЦ',' (по данным РЧЦ)','42.475;'),(650,9,NULL,'Промплощадка ЛГОК (ЛГОК)','Motorola M-208','ПАЛЬМА','16K0F3V',NULL,'778TBQ0705',10,'1899-12-30','1899-12-30','31-138/0131','2008-12-17','Активно РЧЦ',' (по данным РЧЦ)','42.475;'),(651,9,'Стационарное','Губкин-11, площадка ЛГОКа','MOTOROLA GM-360',NULL,'16K0F3',NULL,'103TEW3565',10,'1899-12-30','1899-12-30','31-05/00457','2008-12-17','Активно РЧЦ',' (по данным РЧЦ)','42.475; 47.45;'),(652,9,'Возимое','ТРАНСПОРТНОЕ СРЕДСТВО','MOTOROLA GM-360',NULL,'16K0F3',NULL,'103TEW4092',10,'1899-12-30','1899-12-30','31-05/00504','2008-12-17','Активно РЧЦ',' (по данным РЧЦ)','47.45; 42.475;'),(653,9,'Возимое','ТРАНСПОРТНОЕ СРЕДСТВО','MOTOROLA GM-360',NULL,'16K0F3',NULL,'103TEW4093',10,'1899-12-30','1899-12-30','31-05/00498','2008-12-17','Активно РЧЦ',' (по данным РЧЦ)','47.45; 42.475;'),(654,9,'Возимое','ТРАНСПОРТНОЕ СРЕДСТВО','MOTOROLA GM-360',NULL,'16K0F3',NULL,'103TEW4074',10,'1899-12-30','1899-12-30','31-05/00496','2008-12-17','Активно РЧЦ',' (по данным РЧЦ)','47.45; 42.475;'),(655,9,'Возимое','ТРАНСПОРТНОЕ СРЕДСТВО','MOTOROLA GM-360',NULL,'16K0F3',NULL,'103TEW4089',10,'1899-12-30','1899-12-30','31-05/00502','2008-12-17','Активно РЧЦ',' (по данным РЧЦ)','47.45; 42.475;'),(656,9,'Возимое','ТРАНСПОРТНОЕ СРЕДСТВО','MOTOROLA GM-360',NULL,'16K0F3',NULL,'103TEQT097',10,'1899-12-30','1899-12-30','31-05/00497','2008-12-17','Активно РЧЦ',' (по данным РЧЦ)','47.45; 42.475;'),(657,9,'Возимое','ТРАНСПОРТНОЕ СРЕДСТВО','MOTOROLA GM-360',NULL,'16K0F3',NULL,'103TEYM336',10,'1899-12-30','1899-12-30','31-05/00503','2008-12-17','Активно РЧЦ',' (по данным РЧЦ)','47.45; 42.475;'),(658,9,'Возимое','ТРАНСПОРТНОЕ СРЕДСТВО','MOTOROLA GM-360',NULL,'16K0F3',NULL,'103TEYM339',10,'1899-12-30','1899-12-30','31-05/00500','2008-12-17','Активно РЧЦ',' (по данным РЧЦ)','47.45; 42.475;'),(659,9,'Возимое','ТРАНСПОРТНОЕ СРЕДСТВО','MOTOROLA GM-360',NULL,'16K0F3',NULL,'103TEW3451',10,'1899-12-30','1899-12-30','31-05/00501','2008-12-17','Активно РЧЦ',' (по данным РЧЦ)','47.45; 42.475;'),(660,9,'Возимое','ТРАНСПОРТНОЕ СРЕДСТВО','MOTOROLA GM-360',NULL,'16K0F3',NULL,'103TEW3493',10,'1899-12-30','1899-12-30','31-05/00505','2008-12-17','Активно РЧЦ',' (по данным РЧЦ)','47.45; 42.475;'),(661,9,'Возимое','ТРАНСПОРТНОЕ СРЕДСТВО','MOTOROLA GM-360',NULL,'16K0F3',NULL,'103TEW3568',10,'1899-12-30','1899-12-30','31-05/00499','2008-12-17','Активно РЧЦ',' (по данным РЧЦ)','47.45; 42.475;'),(662,9,'Возимое','ТРАНСПОРТНОЕ СРЕДСТВО','MOTOROLA GM-360',NULL,'16K0F3',NULL,'103TEW4556',10,'1899-12-30','1899-12-30','31-05/00506','2008-12-17','Активно РЧЦ',' (по данным РЧЦ)','47.45; 42.475;'),(663,9,'Возимое','ТРАНСПОРТНОЕ СРЕДСТВО','MOTOROLA GM-360',NULL,'16K0F3',NULL,'103TEW3902',10,'1899-12-30','1899-12-30','31-05/00495','2008-12-17','Активно РЧЦ',' (по данным РЧЦ)','47.45; 42.475;'),(664,9,'Возимое','ТРАНСПОРТНОЕ СРЕДСТВО','MOTOROLA GM-360',NULL,'16K0F3',NULL,'103TEW4090',10,'1899-12-30','1899-12-30','31-05/00482','2008-12-17','Активно РЧЦ',' (по данным РЧЦ)','47.45; 42.475;'),(665,9,'Возимое','ТРАНСПОРТНОЕ СРЕДСТВО','MOTOROLA GM-360',NULL,'16K0F3',NULL,'103TEW4075',10,'1899-12-30','1899-12-30','31-05/00489','2008-12-17','Активно РЧЦ',' (по данным РЧЦ)','47.45; 42.475;'),(666,9,'Возимое','ТРАНСПОРТНОЕ СРЕДСТВО','MOTOROLA GM-360',NULL,'16K0F3',NULL,'103TEW4079',10,'1899-12-30','1899-12-30','31-05/00488','2008-12-17','Активно РЧЦ',' (по данным РЧЦ)','47.45; 42.475;'),(667,9,'Возимое','ТРАНСПОРТНОЕ СРЕДСТВО','MOTOROLA GM-360',NULL,'16K0F3',NULL,'103TESE120',10,'1899-12-30','1899-12-30','31-05/00477','2008-12-17','Активно РЧЦ',' (по данным РЧЦ)','47.45; 42.475;'),(668,9,'Возимое','ТРАНСПОРТНОЕ СРЕДСТВО','MOTOROLA GM-360',NULL,'16K0F3',NULL,'103TESE122',10,'1899-12-30','1899-12-30','31-05/00479','2008-12-17','Активно РЧЦ',' (по данным РЧЦ)','47.45; 42.475;'),(669,9,'Возимое','ТРАНСПОРТНОЕ СРЕДСТВО','MOTOROLA GM-360',NULL,'16K0F3',NULL,'103TEYM332',10,'1899-12-30','1899-12-30','31-05/00491','2008-12-17','Активно РЧЦ',' (по данным РЧЦ)','47.45; 42.475;'),(670,9,'Возимое','ТРАНСПОРТНОЕ СРЕДСТВО','MOTOROLA GM-360',NULL,'16K0F3',NULL,'103TEYM333',10,'1899-12-30','1899-12-30','31-05/00492','2008-12-17','Активно РЧЦ',' (по данным РЧЦ)','47.45; 42.475;'),(671,9,'Возимое','ТРАНСПОРТНОЕ СРЕДСТВО','MOTOROLA GM-360',NULL,'16K0F3',NULL,'103TEYM334',10,'1899-12-30','1899-12-30','31-05/00484','2008-12-17','Активно РЧЦ',' (по данным РЧЦ)','47.45; 42.475;'),(672,9,'Возимое','ТРАНСПОРТНОЕ СРЕДСТВО','MOTOROLA GM-360',NULL,'16K0F3',NULL,'103TEYM345',10,'1899-12-30','1899-12-30','31-05/00493','2008-12-17','Активно РЧЦ',' (по данным РЧЦ)','47.45; 42.475;'),(673,9,'Возимое','ТРАНСПОРТНОЕ СРЕДСТВО','MOTOROLA GM-360',NULL,'16K0F3',NULL,'103TEW3572',10,'1899-12-30','1899-12-30','31-05/00494','2008-12-17','Активно РЧЦ',' (по данным РЧЦ)','47.45; 42.475;'),(674,9,'Возимое','ТРАНСПОРТНОЕ СРЕДСТВО','MOTOROLA GM-360',NULL,'16K0F3',NULL,'103TEW3573',10,'1899-12-30','1899-12-30','31-05/00485','2008-12-17','Активно РЧЦ',' (по данным РЧЦ)','47.45; 42.475;'),(675,9,'Возимое','ТРАНСПОРТНОЕ СРЕДСТВО','MOTOROLA GM-360',NULL,'16K0F3',NULL,'103TEW3574',10,'1899-12-30','1899-12-30','31-05/00487','2008-12-17','Активно РЧЦ',' (по данным РЧЦ)','47.45; 42.475;'),(676,9,'Возимое','ТРАНСПОРТНОЕ СРЕДСТВО','MOTOROLA GM-360',NULL,'16K0F3',NULL,'103TEW3566',10,'1899-12-30','1899-12-30','31-05/00486','2008-12-17','Активно РЧЦ',' (по данным РЧЦ)','47.45; 42.475;'),(677,9,'Возимое','ТРАНСПОРТНОЕ СРЕДСТВО','MOTOROLA GM-360',NULL,'16K0F3',NULL,'103TEW3569',10,'1899-12-30','1899-12-30','31-05/00478','2008-12-17','Активно РЧЦ',' (по данным РЧЦ)','47.45; 42.475;'),(678,9,'Возимое','ТРАНСПОРТНОЕ СРЕДСТВО','MOTOROLA GM-360',NULL,'16K0F3',NULL,'103TEW4564',10,'1899-12-30','1899-12-30','31-05/00483','2008-12-17','Активно РЧЦ',' (по данным РЧЦ)','47.45; 42.475;'),(679,9,'Возимое','ТРАНСПОРТНОЕ СРЕДСТВО','MOTOROLA GM-360',NULL,'16K0F3',NULL,'103TEW4568',10,'1899-12-30','1899-12-30','31-05/00480','2008-12-17','Активно РЧЦ',' (по данным РЧЦ)','47.45; 42.475;'),(680,9,'Возимое','ТРАНСПОРТНОЕ СРЕДСТВО','MOTOROLA GM-360',NULL,'16K0F3',NULL,'103TEW3901',10,'1899-12-30','1899-12-30','31-05/00481','2008-12-17','Активно РЧЦ',' (по данным РЧЦ)','47.45; 42.475;'),(681,9,'Возимое','ТРАНСПОРТНОЕ СРЕДСТВО','MOTOROLA GM-360',NULL,'16K0F3',NULL,'103TEW3912',10,'1899-12-30','1899-12-30','31-05/00490','2008-12-17','Активно РЧЦ',' (по данным РЧЦ)','47.45; 42.475;'),(682,9,'Возимое','ТРАНСПОРТНОЕ СРЕДСТВО','MOTOROLA GM-360',NULL,'16K0F3',NULL,'103TEW4080',10,'1899-12-30','1899-12-30','31-05/00467','2008-12-17','Активно РЧЦ',' (по данным РЧЦ)','47.45; 42.475;'),(683,9,'Возимое','ТРАНСПОРТНОЕ СРЕДСТВО','MOTOROLA GM-360',NULL,'16K0F3',NULL,'103TEW4091',10,'1899-12-30','1899-12-30','31-05/00476','2008-12-17','Активно РЧЦ',' (по данным РЧЦ)','47.45; 42.475;'),(684,9,'Возимое','ТРАНСПОРТНОЕ СРЕДСТВО','MOTOROLA GM-360',NULL,'16K0F3',NULL,'103TEW4078',10,'1899-12-30','1899-12-30','31-05/00460','2008-12-17','Активно РЧЦ',' (по данным РЧЦ)','47.45; 42.475;'),(685,9,'Возимое','ТРАНСПОРТНОЕ СРЕДСТВО','MOTOROLA GM-360',NULL,'16K0F3',NULL,'103TEQT092',10,'1899-12-30','1899-12-30','31-05/00465','2008-12-17','Активно РЧЦ',' (по данным РЧЦ)','47.45; 42.475;'),(686,9,'Возимое','ТРАНСПОРТНОЕ СРЕДСТВО','MOTOROLA GM-360',NULL,'16K0F3',NULL,'103TEQT095',10,'1899-12-30','1899-12-30','31-05/00475','2008-12-17','Активно РЧЦ',' (по данным РЧЦ)','47.45; 42.475;'),(687,9,'Возимое','ТРАНСПОРТНОЕ СРЕДСТВО','MOTOROLA GM-360',NULL,'16K0F3',NULL,'103TEYM340',10,'1899-12-30','1899-12-30','31-05/00459','2008-12-17','Активно РЧЦ',' (по данным РЧЦ)','47.45; 42.475;'),(688,9,'Возимое','ТРАНСПОРТНОЕ СРЕДСТВО','MOTOROLA GM-360',NULL,'16K0F3',NULL,'103TEYM335',10,'1899-12-30','1899-12-30','31-05/00461','2008-12-17','Активно РЧЦ',' (по данным РЧЦ)','47.45; 42.475;'),(689,9,'Возимое','ТРАНСПОРТНОЕ СРЕДСТВО','MOTOROLA GM-360',NULL,'16K0F3',NULL,'103TEYM337',10,'1899-12-30','1899-12-30','31-05/00472','2008-12-17','Активно РЧЦ',' (по данным РЧЦ)','47.45; 42.475;'),(690,9,'Возимое','ТРАНСПОРТНОЕ СРЕДСТВО','MOTOROLA GM-360',NULL,'16K0F3',NULL,'103TEYM338',10,'1899-12-30','1899-12-30','31-05/00470','2008-12-17','Активно РЧЦ',' (по данным РЧЦ)','47.45; 42.475;'),(691,9,'Возимое','ТРАНСПОРТНОЕ СРЕДСТВО','MOTOROLA GM-360',NULL,'16K0F3',NULL,'103TEW3480',10,'1899-12-30','1899-12-30','31-05/00463','2008-12-17','Активно РЧЦ',' (по данным РЧЦ)','47.45; 42.475;'),(692,9,'Возимое','ТРАНСПОРТНОЕ СРЕДСТВО','MOTOROLA GM-360',NULL,'16K0F3',NULL,'103TEW3492',10,'1899-12-30','1899-12-30','31-05/00462','2008-12-17','Активно РЧЦ',' (по данным РЧЦ)','47.45; 42.475;'),(693,9,'Возимое','ТРАНСПОРТНОЕ СРЕДСТВО','MOTOROLA GM-360',NULL,'16K0F3',NULL,'103TEW3488',10,'1899-12-30','1899-12-30','31-05/00471','2008-12-17','Активно РЧЦ',' (по данным РЧЦ)','47.45; 42.475;'),(694,9,'Возимое','ТРАНСПОРТНОЕ СРЕДСТВО','MOTOROLA GM-360',NULL,'16K0F3',NULL,'103TEW3570',10,'1899-12-30','1899-12-30','31-05/00464','2008-12-17','Активно РЧЦ',' (по данным РЧЦ)','47.45; 42.475;'),(695,9,'Возимое','ТРАНСПОРТНОЕ СРЕДСТВО','MOTOROLA GM-360',NULL,'16K0F3',NULL,'103TEW3567',10,'1899-12-30','1899-12-30','31-05/00473','2008-12-17','Активно РЧЦ',' (по данным РЧЦ)','47.45; 42.475;'),(696,9,'Возимое','ТРАНСПОРТНОЕ СРЕДСТВО','MOTOROLA GM-360',NULL,'16K0F3',NULL,'103TEW4544',10,'1899-12-30','1899-12-30','31-05/00469','2008-12-17','Активно РЧЦ',' (по данным РЧЦ)','47.45; 42.475;'),(697,9,'Возимое','ТРАНСПОРТНОЕ СРЕДСТВО','MOTOROLA GM-360',NULL,'16K0F3',NULL,'103TEW4545',10,'1899-12-30','1899-12-30','31-05/00468','2008-12-17','Активно РЧЦ',' (по данным РЧЦ)','47.45; 42.475;'),(698,9,'Возимое','ТРАНСПОРТНОЕ СРЕДСТВО','MOTOROLA GM-360',NULL,'16K0F3',NULL,'103TEYM611',10,'1899-12-30','1899-12-30','31-05/004574','2008-12-17','Активно РЧЦ',' (по данным РЧЦ)','47.45; 42.475;'),(699,9,'Возимое','ТРАНСПОРТНОЕ СРЕДСТВО','MOTOROLA GM-360',NULL,'16K0F3',NULL,'103TEW3899',10,'1899-12-30','1899-12-30','31-05/00466','2008-12-17','Активно РЧЦ',' (по данным РЧЦ)','47.45; 42.475;'),(700,9,'Возимое','ТРАНСПОРТНОЕ СРЕДСТВО','MOTOROLA GM-360',NULL,'16K0F3',NULL,'103TEW3571',10,'1899-12-30','1899-12-30','31-05/00458','2008-12-17','Активно РЧЦ',' (по данным РЧЦ)','47.45; 42.475;'),(701,16,NULL,'г. Губкин, промплощадка ЛГОКа','1Р21В-3(Лен-В)','ЗЕМЛЯ','16K0F3',NULL,'26905',10,NULL,NULL,'31-138/0139','2008-12-17','Активно РЧЦ',' (по данным РЧЦ)','42.725;'),(702,16,NULL,'г. Губкин, промплощадка ЛГОКа','1Р21В-3(Лен-В)','ЗЕМЛЯ','16K0F3',NULL,'26528',10,NULL,NULL,'31-138/0141','2008-12-17','Активно РЧЦ',' (по данным РЧЦ)','42.725;'),(703,16,NULL,'г. Губкин, промплощадка ЛГОКа','1Р21В-3(Лен-В)','ЗЕМЛЯ','16K0F3',NULL,'29939',10,NULL,NULL,'31-138/0140','2008-12-17','Активно РЧЦ',' (по данным РЧЦ)','42.725;'),(704,16,NULL,'Промплощадка ЛГОК (ЛГОК)','ВЭБР 40/8 РД18','ЗЕМЛЯ','16K0F3',NULL,'2291',10,NULL,NULL,'31-138/0142','2008-12-17','Активно РЧЦ',' (по данным РЧЦ)','42.725;'),(705,16,NULL,'Промплощадка ЛГОК (ЛГОК)','ВЭБР 40/8 РД18','ЗЕМЛЯ','16K0F3',NULL,'2292',10,NULL,NULL,'31-138/0143','2008-12-17','Активно РЧЦ',' (по данным РЧЦ)','42.725;'),(706,16,'Возимое','УАЗ №В327АО','ВЭБР 40/8 РД18','ЗЕМЛЯ','16K0F3',NULL,'2289',10,NULL,NULL,'31-174/0833','2008-12-17','Активно РЧЦ',' (по данным РЧЦ)','42.725;'),(707,16,'Возимое','УАЗ №С980ЕР','ВЭБР 40/8 РД18','ЗЕМЛЯ','16K0F3',NULL,'2294',10,NULL,NULL,'31-174/0834','2008-12-17','Активно РЧЦ',' (по данным РЧЦ)','42.725;'),(708,16,'Возимое','БЕЛАЗ №110','ВЭБР 40/8 РД18','ЗЕМЛЯ','16K0F3',NULL,'2295',10,NULL,NULL,'31-174/0830','2008-12-17','Активно РЧЦ',' (по данным РЧЦ)','42.725;'),(709,16,'Возимое','БЕЛАЗ №111','ВЭБР 40/8 РД18','ЗЕМЛЯ','16K0F3',NULL,'7046',10,NULL,NULL,'31-174/0831','2008-12-17','Активно РЧЦ',' (по данным РЧЦ)','42.725;'),(710,16,'Возимое','БЕЛАЗ №161','1Р21В-3(Лен-В)','ЗЕМЛЯ','16K0F3',NULL,'27060',10,NULL,NULL,'31-174/0827','2008-12-17','Активно РЧЦ',' (по данным РЧЦ)','42.725;'),(711,16,'Возимое','БЕЛАЗ №112','ВЭБР 40/8 РД18','ЗЕМЛЯ','16K0F3',NULL,'2290',10,NULL,NULL,'31-174/0832','2008-12-17','Активно РЧЦ',' (по данным РЧЦ)','42.725;'),(712,16,'Возимое','БЕЛАЗ №103','1Р21В-3(Лен-В)','ЗЕМЛЯ','16K0F3',NULL,'26689',10,NULL,NULL,'31-174/0823','2008-12-17','Активно РЧЦ',' (по данным РЧЦ)','42.725;'),(713,16,'Возимое','БЕЛАЗ №106','1Р21В-3(Лен-В)','ЗЕМЛЯ','16K0F3',NULL,'24800',10,NULL,NULL,'31-174/0824','2008-12-17','Активно РЧЦ',' (по данным РЧЦ)','42.725;'),(714,16,'Возимое','БЕЛАЗ №107','ВЭБР 40/8 РД18','ЗЕМЛЯ','16K0F3',NULL,'2293',10,NULL,NULL,'31-174/0829','2008-12-17','Активно РЧЦ',' (по данным РЧЦ)','42.725;'),(715,16,'Возимое','БЕЛАЗ №108','1Р21В-3(Лен-В)','ЗЕМЛЯ','16K0F3',NULL,'23234',10,NULL,NULL,'31-174/0825','2008-12-17','Активно РЧЦ',' (по данным РЧЦ)','42.725;'),(716,16,'Возимое','БЕЛАЗ №109','1Р21В-3(Лен-В)','ЗЕМЛЯ','16K0F3',NULL,'27229',10,NULL,NULL,'31-174/0826','2008-12-17','Активно РЧЦ',' (по данным РЧЦ)','42.725;'),(717,16,'Возимое','БЕЛАЗ №169','1Р21В-3(Лен-В)','ЗЕМЛЯ','16K0F3',NULL,'26350',10,NULL,NULL,'31-174/0828','2008-12-17','Активно РЧЦ',' (по данным РЧЦ)','42.725;'),(718,16,'Носимое','носимая','45Р31У (ВЭБР-40/8)','ЗЕМЛЯ','16K0F3',NULL,'5122',4,NULL,NULL,'31-174/0835','2008-12-17','Активно РЧЦ',' (по данным РЧЦ)','42.725;'),(719,16,'Носимое','носимая','45Р31У (ВЭБР-40/8)','ЗЕМЛЯ','16K0F3',NULL,'5123',4,NULL,NULL,'31-174/0836','2008-12-17','Активно РЧЦ',' (по данным РЧЦ)','42.725;'),(720,16,'Носимое','носимая','45Р31У (ВЭБР-40/8)','ЗЕМЛЯ','16K0F3',NULL,'5124',4,NULL,NULL,'31-174/0837','2008-12-17','Активно РЧЦ',' (по данным РЧЦ)','42.725;'),(721,16,'Носимое','носимая','45Р31У (ВЭБР-40/8)','ЗЕМЛЯ','16K0F3',NULL,'5130',4,NULL,NULL,'31-174/0843','2008-12-17','Активно РЧЦ',' (по данным РЧЦ)','42.725;'),(722,16,'Носимое','носимая','45Р31У (ВЭБР-40/8)','ЗЕМЛЯ','16K0F3',NULL,'5131',4,NULL,NULL,'31-174/0844','2008-12-17','Активно РЧЦ',' (по данным РЧЦ)','42.725;'),(723,16,'Носимое','носимая','45Р31У (ВЭБР-40/8)','ЗЕМЛЯ','16K0F3',NULL,'5132',4,NULL,NULL,'31-174/0845','2008-12-17','Активно РЧЦ',' (по данным РЧЦ)','42.725;'),(724,16,'Носимое','носимая','45Р31У (ВЭБР-40/8)','ЗЕМЛЯ','16K0F3',NULL,'5133',4,NULL,NULL,'31-174/0846','2008-12-17','Активно РЧЦ',' (по данным РЧЦ)','42.725;'),(725,16,'Носимое','носимая','45Р31У (ВЭБР-40/8)','ЗЕМЛЯ','16K0F3',NULL,'5134',4,NULL,NULL,'31-174/0847','2008-12-17','Активно РЧЦ',' (по данным РЧЦ)','42.725;'),(726,16,'Носимое','носимая','45Р31У (ВЭБР-40/8)','ЗЕМЛЯ','16K0F3',NULL,'5125',4,NULL,NULL,'31-174/0838','2008-12-17','Активно РЧЦ',' (по данным РЧЦ)','42.725;'),(727,16,'Носимое','носимая','45Р31У (ВЭБР-40/8)','ЗЕМЛЯ','16K0F3',NULL,'5135',4,NULL,NULL,'31-174/0848','2008-12-17','Активно РЧЦ',' (по данным РЧЦ)','42.725;'),(728,16,'Носимое','носимая','45Р31У (ВЭБР-40/8)','ЗЕМЛЯ','16K0F3',NULL,'5126',4,NULL,NULL,'31-174/0839','2008-12-17','Активно РЧЦ',' (по данным РЧЦ)','42.725;'),(729,16,'Носимое','носимая','45Р31У (ВЭБР-40/8)','ЗЕМЛЯ','16K0F3',NULL,'5136',4,NULL,NULL,'31-174/0849','2008-12-17','Активно РЧЦ',' (по данным РЧЦ)','42.725;'),(730,16,'Носимое','носимая','45Р31У (ВЭБР-40/8)','ЗЕМЛЯ','16K0F3',NULL,'5127',4,NULL,NULL,'31-174/0840','2008-12-17','Активно РЧЦ',' (по данным РЧЦ)','42.725;'),(731,16,'Носимое','носимая','45Р31У (ВЭБР-40/8)','ЗЕМЛЯ','16K0F3',NULL,'5128',4,NULL,NULL,'31-174/0841','2008-12-17','Активно РЧЦ',' (по данным РЧЦ)','42.725;'),(732,16,'Носимое','носимая','45Р31У (ВЭБР-40/8)','ЗЕМЛЯ','16K0F3',NULL,'5129',4,NULL,NULL,'31-174/0842','2008-12-17','Активно РЧЦ',' (по данным РЧЦ)','42.725;'),(733,13,'Носимое','носимая','45Р31У (ВЭБР-40/8)','КВАРЦ','16K0F3',NULL,'36500803',4,NULL,NULL,'31-174/0866','2004-12-17','Активно РЧЦ',' (по данным РЧЦ)','42.850;'),(734,13,'Носимое','носимая','45Р31У (ВЭБР-40/8)','КВАРЦ','16K0F3',NULL,'36510803',4,NULL,NULL,'31-174/0867','2004-12-17','Активно РЧЦ',' (по данным РЧЦ)','42.850;'),(735,13,'Носимое','носимая','45Р31У (ВЭБР-40/8)','КВАРЦ','16K0F3',NULL,'36480803',4,NULL,NULL,'31-174/0864','2004-12-17','Активно РЧЦ',' (по данным РЧЦ)','42.850;'),(736,13,'Носимое','носимая','45Р31У (ВЭБР-40/8)','КВАРЦ','16K0F3',NULL,'36490803',4,NULL,NULL,'31-174/0865','2004-12-17','Активно РЧЦ',' (по данным РЧЦ)','42.850;'),(737,13,NULL,'Промплощадка ЛГОК (ЛГОК)','ВЭБР 40/8 РД18','КВАРЦ','16K0F3',NULL,'22811202~',10,NULL,NULL,'31-138/0144','2004-12-17','Активно РЧЦ','Повтор (по данным РЧЦ)','42.850;'),(738,13,NULL,'Промплощадка ЛГОК (ЛГОК)','ВЭБР 40/8 РД18','КВАРЦ','16K0F3',NULL,'22821202~',10,NULL,NULL,'31-138/0145','2004-12-17','Активно РЧЦ','Повтор (по данным РЧЦ)','42.850;'),(739,13,NULL,'г. Губкин, промплощадка ЛГОКа','1Р21С-4(Лен-В)','КВАРЦ','16K0F3',NULL,'7010886',10,NULL,NULL,'31-138/0146','2004-12-17','Активно РЧЦ',' (по данным РЧЦ)','42.850;'),(740,13,NULL,'г. Губкин, промплощадка ЛГОКа','1Р21С-4(Лен-В)','КВАРЦ','16K0F3',NULL,'217470383',10,NULL,NULL,'31-138/0150','2004-12-17','Активно РЧЦ',' (по данным РЧЦ)','42.850;'),(741,13,NULL,'г. Губкин, промплощадка ЛГОКа','1Р21С-4(Лен-В)','КВАРЦ','16K0F3',NULL,'258500583',10,NULL,NULL,'31-138/0149','2004-12-17','Активно РЧЦ',' (по данным РЧЦ)','42.850;'),(742,13,NULL,'г. Губкин, промплощадка ЛГОКа','1Р21С-4(Лен-В)','КВАРЦ','16K0F3',NULL,'292780183',10,NULL,NULL,'31-138/0151','2004-12-17','Активно РЧЦ',' (по данным РЧЦ)','42.850;'),(743,13,NULL,'г. Губкин, промплощадка ЛГОКа','1Р21С-4(Лен-В)','КВАРЦ','16K0F3',NULL,'231981286',10,NULL,NULL,'31-138/0148','2004-12-17','Активно РЧЦ',' (по данным РЧЦ)','42.850;'),(744,13,NULL,'г. Губкин, промплощадка ЛГОКа','1Р21С-4(Лен-В)','КВАРЦ','16K0F3',NULL,'215980683',10,NULL,NULL,'31-138/0147','2004-12-17','Активно РЧЦ',' (по данным РЧЦ)','42.850;'),(745,13,NULL,'ст. Горная, г. Губкин, промплощадка ЛГОКа','1Р21С-4(Лен-В)','КВАРЦ','16K0F3',NULL,'236980284',10,NULL,NULL,'31-138/0152','2004-12-17','Активно РЧЦ',' (по данным РЧЦ)','42.850;'),(746,13,NULL,'ст. Рудная, г. Губкин, промплощадка ЛГОКа','1Р21С-4(Лен-В)','КВАРЦ','16K0F3',NULL,'278820983',10,NULL,NULL,'31-138/0154','2004-12-17','Активно РЧЦ',' (по данным РЧЦ)','42.850;'),(747,13,NULL,'ст. Скальная, г. Губкин, промплощадка ЛГОКа','1Р21С-4(Лен-В)','КВАРЦ','16K0F3',NULL,'202520883',10,NULL,NULL,'31-138/0155','2004-12-17','Активно РЧЦ',' (по данным РЧЦ)','42.850;'),(748,13,NULL,'ст. Кварцитная, г. Губкин, промплощадка ЛГОКа','1Р21С-4(Лен-В)','КВАРЦ','16K0F3',NULL,'280930583',10,NULL,NULL,'31-138/0153','2004-12-17','Активно РЧЦ',' (по данным РЧЦ)','42.850;'),(749,13,'Возимое','Экскаватор №91','1Р21С-4(Лен-В)','КВАРЦ','16K0F3',NULL,'235660284',10,NULL,NULL,'31-174/0854','2004-12-17','Активно РЧЦ',' (по данным РЧЦ)','42.850;'),(750,13,'Возимое','Экскаватор №102','1Р21С-4(Лен-В)','КВАРЦ','16K0F3',NULL,'246620583',10,NULL,NULL,'31-174/0855','2004-12-17','Активно РЧЦ',' (по данным РЧЦ)','42.850;'),(751,13,'Возимое','Экскаватор №103','1Р21С-4(Лен-В)','КВАРЦ','16K0F3',NULL,'247340284',10,NULL,NULL,'31-174/0856','2004-12-17','Активно РЧЦ',' (по данным РЧЦ)','42.850;'),(752,13,'Возимое','Экскаватор №106','1Р21С-4(Лен-В)','КВАРЦ','16K0F3',NULL,'214810283',10,NULL,NULL,'31-174/0857','2004-12-17','Активно РЧЦ',' (по данным РЧЦ)','42.850;'),(753,13,'Возимое','Экскаватор №112','1Р21С-4(Лен-В)','КВАРЦ','16K0F3',NULL,'257530583',10,NULL,NULL,'31-174/0858','2004-12-17','Активно РЧЦ',' (по данным РЧЦ)','42.850;'),(754,13,'Возимое','Экскаватор №116','1Р21С-4(Лен-В)','КВАРЦ','16K0F3',NULL,'892460583',10,NULL,NULL,'31-174/0859','2004-12-17','Активно РЧЦ',' (по данным РЧЦ)','42.850;'),(755,13,'Возимое','Экскаватор №125','1Р21С-4(Лен-В)','КВАРЦ','16K0F3',NULL,'301331186',10,NULL,NULL,'31-174/0860','2004-12-17','Активно РЧЦ',' (по данным РЧЦ)','42.850;'),(756,13,'Возимое','Экскаватор №126','1Р21С-4(Лен-В)','КВАРЦ','16K0F3',NULL,'218260485',10,NULL,NULL,'31-174/0861','2004-12-17','Активно РЧЦ',' (по данным РЧЦ)','42.850;'),(757,13,'Возимое','Экскаватор №127','1Р21С-4(Лен-В)','КВАРЦ','16K0F3',NULL,'214551286~',10,NULL,NULL,'31-174/0862','2004-12-17','Активно РЧЦ','Повтор (по данным РЧЦ)','42.850;'),(758,13,'Возимое','Экскаватор №128','1Р21С-4(Лен-В)','КВАРЦ','16K0F3',NULL,'276581082',10,NULL,NULL,'31-174/0863','2004-12-17','Активно РЧЦ',' (по данным РЧЦ)','42.850;'),(759,8,NULL,'ЛЕБЕДИНСКИЙ ГОК','STU (ТВ-передатчик)','43 ТВК',NULL,NULL,'2000/46/0001',1000,'1899-12-30','1899-12-30',NULL,'1899-12-30','Активно РЧЦ',' (по данным РЧЦ)','43_ТВК;'),(760,17,NULL,'Промзона ЛГОКа','1Р21С-4(Лен-В)','ПАКЕТ','16K0F3E',NULL,'0376910592',10,NULL,NULL,'31 05 00056','2008-12-26','Активно РЧЦ',' (по данным РЧЦ)','43.700;'),(761,17,NULL,'Промзона ЛГОКа','1Р21В-3(Лен-В)','ПАКЕТ','16K0F3E',NULL,'0345290792',10,NULL,NULL,'31 05 00058','2008-12-26','Активно РЧЦ',' (по данным РЧЦ)','43.700;'),(762,17,NULL,'Промзона ЛГОКа','45Р31У (ВЭБР-40/8)','ПАКЕТ','16K0F3E',NULL,'10940502',5,NULL,NULL,'31 05 00059','2008-12-26','Активно РЧЦ',' (по данным РЧЦ)','43.700;'),(763,17,NULL,'Промзона ЛГОКа','1Р21С-4(Лен-В)','ПАКЕТ','16K0F3E',NULL,'0211110590',10,'1899-12-30','1899-12-30','31 05 00057','2008-12-26','Активно РЧЦ',' (по данным РЧЦ)','43.700;'),(764,17,'Возимое','ТРАНСПОРТНОЕ СРЕДСТВО','1Р21С-4(Лен-В)','ПАКЕТ','16K0F3E',NULL,'0220800783',10,NULL,NULL,'31 05 00060','2008-12-26','Активно РЧЦ',' (по данным РЧЦ)','43.700;'),(765,17,'Возимое','ТРАНСПОРТНОЕ СРЕДСТВО','1Р21С-4(Лен-В)','ПАКЕТ','16K0F3E',NULL,'0201620888',10,NULL,NULL,'31 05 00073','2008-12-26','Активно РЧЦ',' (по данным РЧЦ)','43.700;'),(766,17,'Возимое','ТРАНСПОРТНОЕ СРЕДСТВО','1Р21С-4(Лен-В)','ПАКЕТ','16K0F3E',NULL,'0335091191',10,NULL,NULL,'31 05 00068','2008-12-26','Активно РЧЦ',' (по данным РЧЦ)','43.700;'),(767,17,'Возимое','ТРАНСПОРТНОЕ СРЕДСТВО','1Р21С-4(Лен-В)','ПАКЕТ','16K0F3E',NULL,'0236290484',10,NULL,NULL,'31 05 00066','2008-12-26','Активно РЧЦ',' (по данным РЧЦ)','43.700;'),(768,17,'Возимое','ТРАНСПОРТНОЕ СРЕДСТВО','1Р21С-4(Лен-В)','ПАКЕТ','16K0F3E',NULL,'0376930592',10,NULL,NULL,'31 05 00072','2008-12-26','Активно РЧЦ',' (по данным РЧЦ)','43.700;'),(769,17,'Возимое','ТРАНСПОРТНОЕ СРЕДСТВО','1Р21С-4(Лен-В)','ПАКЕТ','16K0F3E',NULL,'0287240680',10,NULL,NULL,'31 05 00070','2008-12-26','Активно РЧЦ',' (по данным РЧЦ)','43.700;'),(770,17,'Возимое','ТРАНСПОРТНОЕ СРЕДСТВО','1Р21С-4(Лен-В)','ПАКЕТ','16K0F3E',NULL,'0297831088',10,NULL,NULL,'31 05 00061','2008-12-26','Активно РЧЦ',' (по данным РЧЦ)','43.700;'),(771,17,'Возимое','ТРАНСПОРТНОЕ СРЕДСТВО','1Р21С-4(Лен-В)','ПАКЕТ','16K0F3E',NULL,'0248360888',10,NULL,NULL,'31 05 00071','2008-12-26','Активно РЧЦ',' (по данным РЧЦ)','43.700;'),(772,17,'Носимое','носимая','45Р31У (ВЭБР-40/8)','ПАКЕТ','16K0F3E',NULL,'87300401',5,NULL,NULL,'31 05 00081','2008-12-26','Активно РЧЦ',' (по данным РЧЦ)','43.700;'),(773,17,'Носимое','носимая','45Р31У (ВЭБР-40/8)','ПАКЕТ','16K0F3E',NULL,'87310401',5,NULL,NULL,'31 05 00077','2008-12-26','Активно РЧЦ',' (по данным РЧЦ)','43.700;'),(774,17,'Носимое','носимая','45Р31У (ВЭБР-40/8)','ПАКЕТ','16K0F3E',NULL,'87320401',5,NULL,NULL,'31 05 00079','2008-12-26','Активно РЧЦ',' (по данным РЧЦ)','43.700;'),(775,17,'Носимое','носимая','45Р31У (ВЭБР-40/8)','ПАКЕТ','16K0F3E',NULL,'87330401',5,NULL,NULL,'31 05 00076','2008-12-26','Активно РЧЦ',' (по данным РЧЦ)','43.700;'),(776,17,'Носимое','носимая','45Р31У (ВЭБР-40/8)','ПАКЕТ','16K0F3E',NULL,'10930502',5,NULL,NULL,'31 05 00078','2008-12-26','Активно РЧЦ',' (по данным РЧЦ)','43.700;'),(777,17,'Носимое','носимая','45Р31У (ВЭБР-40/8)','ПАКЕТ','16K0F3E',NULL,'87340401',5,NULL,NULL,'31 05 00080','2008-12-26','Активно РЧЦ',' (по данным РЧЦ)','43.700;'),(778,17,'Возимое','ТРАНСПОРТНОЕ СРЕДСТВО','1Р21С-4(Лен-В)','ПАКЕТ','16K0F3E',NULL,'035811191',10,NULL,NULL,'31 05 00064','2008-12-26','Активно РЧЦ',' (по данным РЧЦ)','43.700;'),(779,17,'Возимое','ТРАНСПОРТНОЕ СРЕДСТВО','1Р21С-4(Лен-В)','ПАКЕТ','16K0F3E',NULL,'0222390484',10,NULL,NULL,'31 05 00074','2008-12-26','Активно РЧЦ',' (по данным РЧЦ)','43.700;'),(780,17,'Возимое','ТРАНСПОРТНОЕ СРЕДСТВО','1Р21С-4(Лен-В)','ПАКЕТ','16K0F3E',NULL,'0254810484',10,NULL,NULL,'31 05 00063','2008-12-26','Активно РЧЦ',' (по данным РЧЦ)','43.700;'),(781,17,'Возимое','ТРАНСПОРТНОЕ СРЕДСТВО','1Р21С-4(Лен-В)','ПАКЕТ','16K0F3E',NULL,'0254540484',10,NULL,NULL,'31 05 00062','2008-12-26','Активно РЧЦ',' (по данным РЧЦ)','43.700;'),(782,17,'Возимое','ТРАНСПОРТНОЕ СРЕДСТВО','1Р21С-4(Лен-В)','ПАКЕТ','16K0F3E',NULL,'0246440888',10,NULL,NULL,'31 05 00069','2008-12-26','Активно РЧЦ',' (по данным РЧЦ)','43.700;'),(783,17,'Возимое','ТРАНСПОРТНОЕ СРЕДСТВО','1Р21С-4(Лен-В)','ПАКЕТ','16K0F3E',NULL,'0377330592',10,NULL,NULL,'31 05 00067','2008-12-26','Активно РЧЦ',' (по данным РЧЦ)','43.700;'),(784,17,'Возимое','ТРАНСПОРТНОЕ СРЕДСТВО','1Р21С-4(Лен-В)','ПАКЕТ','16K0F3E',NULL,'0219031088',10,NULL,NULL,'31 05 00065','2008-12-26','Активно РЧЦ',' (по данным РЧЦ)','43.700;'),(785,17,'Носимое','носимая','3Р31H-1(Кактус-М)','ПАКЕТ','16K0F3E',NULL,'5022',1,NULL,NULL,'31 05 00075','2008-12-26','Активно РЧЦ',' (по данным РЧЦ)','43.700;'),(786,8,'Базовое','Промзона ЛГОКа, г. Губкин (ЛГОК)','F-800 (БС-3)',NULL,NULL,NULL,'A79399 / А79927 / А62103 / А63693',20,'1899-12-30','1899-12-30','Оформл. разр.','1899-12-30','Активно РЧЦ','Оформл. разр. (по данным РЧЦ)','Trunk Ericsson 458 - 675;'),(787,8,'Базовое','ул. Мира, район пожарного депо (ЛГОК)','F-800 (БС-1)',NULL,NULL,NULL,'А66823 / А62159',20,'1899-12-30','1899-12-30','Оформл. разр.','1899-12-30','Активно РЧЦ','Оформл. разр. (по данным РЧЦ)','Trunk Ericsson 458 - 675;'),(788,8,'Базовое','ул. Севастопольская , д. 97 (ЛГОК)','F-800 (БС-2)',NULL,NULL,NULL,'А63676 / А66841',20,'1899-12-30','1899-12-30','Оформл. разр.','1899-12-30','Активно РЧЦ','Оформл. разр. (по данным РЧЦ)','Trunk Ericsson 458 - 675;'),(789,8,'Базовое','СПОРТИВНО-ОЗДОРОВИТЕЛЬНЫЙ КОМПЛЕКС \"ЛЕСНАЯ СКАЗКА\" (ЛГОК)','F-800 (БС-4)',NULL,NULL,NULL,'А63352 / А63248',20,'1899-12-30','1899-12-30','Оформл. разр.','1899-12-30','Активно РЧЦ','Оформл. разр. (по данным РЧЦ)','Trunk Ericsson 458 - 675;'),(790,9,'Возимое','КАВЗ 15-07 АОС','Лен-Д','КЛЕММА','16K0F3',NULL,'572780480',10,'1899-12-30','1899-12-30','31-174/0852','2008-12-22','Активно РЧЦ',' (по данным РЧЦ)','47.45;'),(791,9,'Возимое','УАЗ №06-64 АОС','Лен-Д','КЛЕММА','16K0F3',NULL,'241550680',10,'1899-12-30','1899-12-30','31-174/0850','2008-12-22','Активно РЧЦ',' (по данным РЧЦ)','47.45;'),(792,9,'Возимое','УАЗ №04-66 АОС','Лен-Д','КЛЕММА','16K0F3',NULL,'245460480',10,'1899-12-30','1899-12-30','31-174/0851','2008-12-22','Активно РЧЦ',' (по данным РЧЦ)','47.45;'),(793,9,'Возимое','УАЗ №06-69 АОС','Лен-Д','КЛЕММА','16K0F3',NULL,'645780580',10,'1899-12-30','1899-12-30','31-174/0853','2008-12-22','Активно РЧЦ',' (по данным РЧЦ)','47.45;'),(794,16,NULL,'КБ ГРОМ','1Р21В-3(Лен-В)','ЗАЩИТА','16K0F3',NULL,NULL,10,'1899-12-30','1899-12-30','31-174/0868','2008-12-22','Активно РЧЦ',' (по данным РЧЦ)','48.425;'),(795,16,NULL,'КБ ГРОМ','1Р21В-3(Лен-В)','ЗАЩИТА','16K0F3',NULL,NULL,10,'1899-12-30','1899-12-30','31-174/0869','2008-12-22','Активно РЧЦ',' (по данным РЧЦ)','48.425;'),(796,16,NULL,'КБ ГРОМ','1Р21В-3(Лен-В)','ЗАЩИТА','16K0F3',NULL,NULL,10,'1899-12-30','1899-12-30','31-174/0870','2008-12-22','Активно РЧЦ',' (по данным РЧЦ)','48.425;'),(797,16,NULL,'КБ ГРОМ','1Р21В-3(Лен-В)','ЗАЩИТА','16K0F3',NULL,NULL,10,'1899-12-30','1899-12-30','31-174/0871','2008-12-22','Активно РЧЦ',' (по данным РЧЦ)','48.425;'),(798,16,NULL,'КБ ГРОМ','1Р21В-3(Лен-В)','ЗАЩИТА','16K0F3',NULL,NULL,10,'1899-12-30','1899-12-30','31-174/0872','2008-12-22','Активно РЧЦ',' (по данным РЧЦ)','48.425;'),(799,16,NULL,'КБ ГРОМ','1Р21В-3(Лен-В)','ЗАЩИТА','16K0F3',NULL,NULL,10,'1899-12-30','1899-12-30','31-174/0873','2008-12-22','Активно РЧЦ',' (по данным РЧЦ)','48.425;'),(800,16,NULL,'КБ ГРОМ','1Р21В-3(Лен-В)','ЗАЩИТА','16K0F3',NULL,NULL,10,'1899-12-30','1899-12-30','31-174/0874','2008-12-22','Активно РЧЦ',' (по данным РЧЦ)','48.425;'),(801,16,NULL,'КБ ГРОМ','1Р21В-3(Лен-В)','ЗАЩИТА','16K0F3',NULL,NULL,10,'1899-12-30','1899-12-30','31-174/0875','2008-12-22','Активно РЧЦ',' (по данным РЧЦ)','48.425;'),(802,16,NULL,'КБ ГРОМ','1Р21В-3(Лен-В)','ЗАЩИТА','16K0F3',NULL,NULL,10,'1899-12-30','1899-12-30','31-174/0876','2008-12-22','Активно РЧЦ',' (по данным РЧЦ)','48.425;'),(803,16,NULL,'КБ ГРОМ','1Р21В-3(Лен-В)','ЗАЩИТА','16K0F3',NULL,NULL,10,'1899-12-30','1899-12-30','31-174/0877','2008-12-22','Активно РЧЦ',' (по данным РЧЦ)','48.425;'),(804,16,NULL,'КБ ГРОМ','1Р21В-3(Лен-В)','ЗАЩИТА','16K0F3',NULL,NULL,10,'1899-12-30','1899-12-30','31-174/0878','2008-12-22','Активно РЧЦ',' (по данным РЧЦ)','48.425;'),(805,16,NULL,'КБ ГРОМ','1Р21В-3(Лен-В)','ЗАЩИТА','16K0F3',NULL,NULL,10,'1899-12-30','1899-12-30','31-174/0879','2008-12-22','Активно РЧЦ',' (по данным РЧЦ)','48.425;'),(806,16,NULL,'КБ ГРОМ','1Р21В-3(Лен-В)','ЗАЩИТА','16K0F3',NULL,NULL,10,'1899-12-30','1899-12-30','31-174/0880','2008-12-22','Активно РЧЦ',' (по данным РЧЦ)','48.425;'),(807,16,NULL,'КБ ГРОМ','1Р21В-3(Лен-В)','ЗАЩИТА','16K0F3',NULL,NULL,10,'1899-12-30','1899-12-30','31-174/0881','2008-12-22','Активно РЧЦ',' (по данным РЧЦ)','48.425;'),(808,16,NULL,'КБ ГРОМ','1Р21В-3(Лен-В)','ЗАЩИТА','16K0F3',NULL,NULL,10,'1899-12-30','1899-12-30','31-174/0882','2008-12-22','Активно РЧЦ',' (по данным РЧЦ)','48.425;'),(809,16,NULL,'КБ ГРОМ','1Р21В-3(Лен-В)','ЗАЩИТА','16K0F3',NULL,NULL,10,'1899-12-30','1899-12-30','31-174/0883','2008-12-22','Активно РЧЦ',' (по данным РЧЦ)','48.425;'),(810,16,NULL,'КБ ГРОМ','1Р21В-3(Лен-В)','ЗАЩИТА','16K0F3',NULL,NULL,10,'1899-12-30','1899-12-30','31-174/0884','2008-12-22','Активно РЧЦ',' (по данным РЧЦ)','48.425;'),(811,16,NULL,'КБ ГРОМ','1Р21В-3(Лен-В)','ЗАЩИТА','16K0F3',NULL,NULL,10,'1899-12-30','1899-12-30','31-174/0885','2008-12-22','Активно РЧЦ',' (по данным РЧЦ)','48.425;'),(812,16,NULL,'КБ ГРОМ','1Р21В-3(Лен-В)','ЗАЩИТА','16K0F3',NULL,NULL,10,'1899-12-30','1899-12-30','31-174/0886','2008-12-22','Активно РЧЦ',' (по данным РЧЦ)','48.425;'),(813,16,NULL,'КБ ГРОМ','1Р21В-3(Лен-В)','ЗАЩИТА','16K0F3',NULL,NULL,10,'1899-12-30','1899-12-30','31-174/0887','2008-12-22','Активно РЧЦ',' (по данным РЧЦ)','48.425;'),(814,8,NULL,'ЛЕБЕДИНСКИЙ ГОК','TX-250 (РВ-передатчик)','69,23',NULL,NULL,'007051',30,'1899-12-30','1899-12-30',NULL,'1899-12-30','Активно РЧЦ',' (по данным РЧЦ)','69.230;'),(815,3,'Возимое','Возимая','Motorola CM140','Орбита-01',NULL,NULL,'019TFYG247',10,'1899-12-30','1899-12-30','Оформл. разр.','1899-12-30','Новое','Оформл. разр. (по данным РЧЦ)   154.05; 500; 600; 650; 450; 164.950','154.450;'),(816,3,'Возимое','Возимая','Motorola CM140','Орбита-02',NULL,NULL,'019TFQ5787',10,'1899-12-30','1899-12-30','Оформл. разр.','1899-12-30','Новое','Оформл. разр. (по данным РЧЦ)   154.05; 500; 600; 650; 450; 164.950','154.450;'),(817,3,'Возимое','Возимая','Motorola CM140','Орбита-03',NULL,NULL,'019TFYF629',10,'1899-12-30','1899-12-30','Оформл. разр.','1899-12-30','Новое','Оформл. разр. (по данным РЧЦ)   154.05; 500; 600; 650; 450; 164.950','154.450;'),(818,3,'Возимое','Возимая','Motorola CM140','Орбита-04',NULL,NULL,'019TFYG203',10,'1899-12-30','1899-12-30','Оформл. разр.','1899-12-30','Новое','Оформл. разр. (по данным РЧЦ)   154.05; 500; 600; 650; 450; 164.950','154.450;'),(819,3,'Возимое','Возимая','Motorola CM140','Орбита-05',NULL,NULL,'019TFU7913',10,'1899-12-30','1899-12-30','Оформл. разр.','1899-12-30','Новое','Оформл. разр. (по данным РЧЦ)   154.05; 500; 600; 650; 450; 164.950','154.450;'),(820,3,'Возимое','Возимая','Motorola CM140','Орбита-06',NULL,NULL,'019TFYF993',10,'1899-12-30','1899-12-30','Оформл. разр.','1899-12-30','Новое','Оформл. разр. (по данным РЧЦ)   154.05; 500; 600; 650; 450; 164.950','154.450;'),(821,3,'Возимое','Возимая','Motorola CM140','Орбита-07',NULL,NULL,'019TFU7912',10,'1899-12-30','1899-12-30','Оформл. разр.','1899-12-30','Новое','Оформл. разр. (по данным РЧЦ)   154.05; 500; 600; 650; 450; 164.950','154.450;'),(822,3,'Возимое','Возимая','Motorola CM140','Орбита-08',NULL,NULL,'019TFU7914',10,'1899-12-30','1899-12-30','Оформл. разр.','1899-12-30','Новое','Оформл. разр. (по данным РЧЦ)   154.05; 500; 600; 650; 450; 164.950','154.450;'),(823,3,'Возимое','Возимая','Motorola CM140','Орбита-09',NULL,NULL,'019TFYG049',10,'1899-12-30','1899-12-30','Оформл. разр.','1899-12-30','Новое','Оформл. разр. (по данным РЧЦ)   154.05; 500; 600; 650; 450; 164.950','154.450;'),(824,3,'Возимое','Возимая','Motorola CM140','Орбита-10',NULL,NULL,'019TFYG171',10,'1899-12-30','1899-12-30','Оформл. разр.','1899-12-30','Новое','Оформл. разр. (по данным РЧЦ)   154.05; 500; 600; 650; 450; 164.950','154.450;'),(825,3,'Возимое','Возимая','Motorola CM140','Орбита-11',NULL,NULL,'019TFYG211',10,'1899-12-30','1899-12-30','Оформл. разр.','1899-12-30','Новое','Оформл. разр. (по данным РЧЦ)   154.05; 500; 600; 650; 450; 164.950','154.450;'),(826,3,'Возимое','Возимая','Motorola CM140','Орбита-12',NULL,NULL,'019TFU7911',10,'1899-12-30','1899-12-30','Оформл. разр.','1899-12-30','Новое','Оформл. разр. (по данным РЧЦ)   154.05; 500; 600; 650; 450; 164.950','154.450;'),(827,3,'Возимое','Возимая','Motorola CM140','Орбита-13',NULL,NULL,'019TFU7917',10,'1899-12-30','1899-12-30','Оформл. разр.','1899-12-30','Новое','Оформл. разр. (по данным РЧЦ)   154.05; 500; 600; 650; 450; 164.950','154.450;'),(828,3,'Возимое','Возимая','Motorola CM140','Орбита-14',NULL,NULL,'019TFYG208',10,'1899-12-30','1899-12-30','Оформл. разр.','1899-12-30','Новое','Оформл. разр. (по данным РЧЦ)   154.05; 500; 600; 650; 450; 164.950','154.450;'),(829,3,'Возимое','Возимая','Motorola CM140','Орбита-15',NULL,NULL,'019TFU7910',10,'1899-12-30','1899-12-30','Оформл. разр.','1899-12-30','Новое','Оформл. разр. (по данным РЧЦ)   154.05; 500; 600; 650; 450; 164.950','154.450;'),(830,3,'Возимое','Возимая','Motorola CM140','Орбита-16',NULL,NULL,'019TFU7675',10,'1899-12-30','1899-12-30','Оформл. разр.','1899-12-30','Новое','Оформл. разр. (по данным РЧЦ)   154.05; 500; 600; 650; 450; 164.950','154.450;'),(831,3,'Возимое','Возимая','Motorola CM140','Орбита-17',NULL,NULL,'019TFQ5812',10,'1899-12-30','1899-12-30','Оформл. разр.','1899-12-30','Новое','Оформл. разр. (по данным РЧЦ)   154.05; 500; 600; 650; 450; 164.950','154.450;'),(832,3,'Возимое','Возимая','Motorola CM140','Орбита-18',NULL,NULL,'019TFU7681',10,'1899-12-30','1899-12-30','Оформл. разр.','1899-12-30','Новое','Оформл. разр. (по данным РЧЦ)   154.05; 500; 600; 650; 450; 164.950','154.450;'),(833,3,'Возимое','Возимая','Motorola CM140','Орбита-19',NULL,NULL,'019TFU7828',10,'1899-12-30','1899-12-30','Оформл. разр.','1899-12-30','Новое','Оформл. разр. (по данным РЧЦ)   154.05; 500; 600; 650; 450; 164.950','154.450;'),(834,3,'Возимое','Возимая','Motorola CM140','Орбита-20',NULL,NULL,'019TFU7852',10,'1899-12-30','1899-12-30','Оформл. разр.','1899-12-30','Новое','Оформл. разр. (по данным РЧЦ)   154.05; 500; 600; 650; 450; 164.950','154.450;'),(835,3,'Возимое','Возимая','Motorola CM140','Орбита-21',NULL,NULL,'019TFQ7814',10,'1899-12-30','1899-12-30','Оформл. разр.','1899-12-30','Новое','Оформл. разр. (по данным РЧЦ)   154.05; 500; 600; 650; 450; 164.950','154.450;'),(836,3,'Возимое','Возимая','Motorola CM140','Орбита-22',NULL,NULL,'019TFQ5863',10,'1899-12-30','1899-12-30','Оформл. разр.','1899-12-30','Новое','Оформл. разр. (по данным РЧЦ)   154.05; 500; 600; 650; 450; 164.950','154.450;'),(837,3,'Возимое','Возимая','Motorola CM140','Орбита-23',NULL,NULL,'019TFU7901',10,'1899-12-30','1899-12-30','Оформл. разр.','1899-12-30','Новое','Оформл. разр. (по данным РЧЦ)   154.05; 500; 600; 650; 450; 164.950','154.450;'),(838,3,'Возимое','Возимая','Motorola CM140','Орбита-24',NULL,NULL,'019TFQ5790',10,'1899-12-30','1899-12-30','Оформл. разр.','1899-12-30','Новое','Оформл. разр. (по данным РЧЦ)   154.05; 500; 600; 650; 450; 164.950','154.450;'),(839,3,'Возимое','Возимая','Motorola CM140','Орбита-25',NULL,NULL,'019TFQ5786',10,'1899-12-30','1899-12-30','Оформл. разр.','1899-12-30','Новое','Оформл. разр. (по данным РЧЦ)   154.05; 500; 600; 650; 450; 164.950','154.450;'),(840,3,'Возимое','Возимая','Motorola CM140','Орбита-26',NULL,NULL,'019TFU7829',10,'1899-12-30','1899-12-30','Оформл. разр.','1899-12-30','Новое','Оформл. разр. (по данным РЧЦ)   154.05; 500; 600; 650; 450; 164.950','154.450;'),(841,3,'Возимое','Возимая','Motorola CM140','Орбита-27',NULL,NULL,'019TFQ5792',10,'1899-12-30','1899-12-30','Оформл. разр.','1899-12-30','Новое','Оформл. разр. (по данным РЧЦ)   154.05; 500; 600; 650; 450; 164.950','154.450;'),(842,3,'Возимое','Возимая','Motorola CM140','Орбита-28',NULL,NULL,'019TFYG204',10,'1899-12-30','1899-12-30','Оформл. разр.','1899-12-30','Новое','Оформл. разр. (по данным РЧЦ)   154.05; 500; 600; 650; 450; 164.950','154.450;'),(843,3,'Возимое','Возимая','Motorola CM140','Орбита-29',NULL,NULL,'019TFU7676',10,'1899-12-30','1899-12-30','Оформл. разр.','1899-12-30','Новое','Оформл. разр. (по данным РЧЦ)   154.05; 500; 600; 650; 450; 164.950','154.450;'),(844,3,'Возимое','Возимая','Motorola CM140','Орбита-30',NULL,NULL,'019TFQ5789',10,'1899-12-30','1899-12-30','Оформл. разр.','1899-12-30','Новое','Оформл. разр. (по данным РЧЦ)   154.05; 500; 600; 650; 450; 164.950','154.450;');

/*!40000 ALTER TABLE res ENABLE KEYS */;
UNLOCK TABLES;

--
-- Table structure for table 'res_seti'
--

DROP TABLE IF EXISTS res_seti;
CREATE TABLE res_seti (
  id_res bigint(20) unsigned NOT NULL default '0',
  id_radioseti bigint(20) unsigned NOT NULL default '0'
) TYPE=MyISAM;

/*!40000 ALTER TABLE res_seti DISABLE KEYS */;

--
-- Dumping data for table 'res_seti'
--


LOCK TABLES res_seti WRITE;
INSERT INTO res_seti VALUES (1,50),(2,50),(3,50),(4,50),(5,50),(6,50),(7,51),(8,54),(8,53),(9,53),(10,51),(11,54),(11,53),(12,53),(13,20),(14,1),(15,1),(16,1),(17,1),(18,1),(19,1),(20,1),(21,1),(22,1),(23,1),(24,1),(25,1),(26,1),(27,1),(28,1),(29,1),(30,1),(31,1),(32,1),(33,1),(34,1),(35,1),(36,1),(37,1),(38,1),(39,1),(40,1),(41,1),(42,1),(43,1),(44,1),(45,2),(46,2),(47,2),(48,2),(49,2),(50,2),(51,2),(52,2),(54,2),(55,2),(56,2),(57,2),(58,2),(59,2),(60,2),(61,2),(62,2),(63,2),(64,2),(65,2),(66,2),(67,2),(68,2),(69,6),(69,4),(69,3),(70,3),(70,4),(70,6),(71,3),(71,4),(71,6),(72,3),(72,4),(72,6),(73,3),(73,4),(73,6),(74,3),(74,4),(74,6),(75,3),(75,4),(75,6),(76,3),(76,4),(76,6),(77,3),(77,4),(77,6),(78,3),(78,4),(78,6),(79,3),(79,4),(79,6),(80,3),(80,4),(80,6),(81,3),(81,4),(81,6),(82,3),(82,4),(82,6),(83,3),(83,4),(83,6),(84,3),(84,4),(84,6),(85,3),(85,4),(85,6),(86,3),(86,4),(86,6),(87,3),(87,4),(87,6),(88,3),(88,4),(88,6),(89,3),(89,4),(89,6),(90,3),(90,4),(90,6),(91,3),(91,4),(91,6),(92,3),(92,4),(92,6),(93,3),(93,4),(93,6),(94,3),(94,4),(94,6),(95,3),(95,4),(95,6),(96,3),(96,4),(96,6),(97,3),(97,4),(97,6),(98,3),(98,4),(98,6),(99,3),(99,4),(99,6),(100,3),(100,4),(100,6),(101,3),(101,4),(101,6),(102,3),(102,4),(102,6),(103,3),(103,4),(103,6),(104,3),(104,4),(104,6),(105,3),(105,4),(105,6),(106,3),(106,4),(106,6),(107,3),(107,4),(107,6),(108,3),(108,4),(108,6),(109,3),(109,4),(109,6),(110,3),(110,4),(110,6),(111,3),(111,4),(111,6),(112,3),(112,4),(112,6),(113,3),(113,4),(113,6),(114,3),(114,4),(114,6),(115,3),(115,4),(115,6),(116,3),(116,4),(116,6),(117,3),(117,4),(117,6),(118,3),(118,4),(118,6),(119,3),(119,4),(119,6),(120,3),(120,4),(120,6),(121,3),(121,4),(121,6),(122,3),(122,4),(122,6),(123,3),(123,4),(123,6),(124,3),(124,4),(124,6),(125,3),(125,4),(125,6),(126,3),(126,4),(126,6),(127,3),(127,4),(127,6),(128,3),(128,4),(128,6),(129,3),(129,4),(129,6),(130,3),(130,4),(130,6),(131,3),(131,4),(131,6),(132,3),(132,4),(132,6),(133,3),(133,4),(133,6),(134,3),(134,4),(134,6),(135,3),(135,4),(135,6),(136,3),(136,4),(136,6),(137,3),(137,4),(137,6),(138,3),(138,4),(138,6),(139,3),(139,4),(139,6),(140,6),(140,4),(140,3),(141,6),(141,4),(141,3),(142,6),(142,4),(142,3),(143,6),(143,4),(143,3),(144,6),(144,4),(144,3),(145,6),(145,4),(145,3),(146,3),(146,4),(146,6),(147,3),(147,4),(147,6),(148,6),(148,4),(148,3),(149,6),(149,4),(149,3),(150,3),(150,4),(150,6),(151,3),(151,4),(151,6),(152,3),(152,4),(152,6),(153,3),(153,4),(153,6),(154,3),(154,4),(154,6),(155,3),(155,4),(155,6),(156,6),(156,4),(156,3),(157,3),(157,4),(157,6),(158,3),(158,4),(158,6),(159,3),(159,4),(159,6),(160,3),(160,4),(160,6),(161,6),(161,4),(161,3),(162,3),(162,4),(162,6),(163,3),(163,4),(163,6),(164,3),(164,4),(164,6),(165,3),(165,4),(165,6),(166,3),(166,4),(166,6),(167,3),(167,4),(167,6),(168,3),(168,4),(168,6),(169,3),(169,4),(169,6),(170,3),(170,4),(170,6),(171,3),(171,4),(171,6),(172,3),(172,4),(172,6),(173,3),(173,4),(173,6),(174,3),(174,4),(174,6),(175,3),(175,4),(175,6),(176,3),(176,4),(176,6),(177,3),(177,4),(177,6),(178,3),(178,4),(178,6),(179,3),(179,4),(179,6),(180,3),(180,4),(180,6),(181,3),(181,4),(181,6),(182,3),(182,4),(182,6),(183,3),(183,4),(183,6),(184,3),(184,4),(184,6),(185,3),(185,4),(185,6),(186,3),(186,4),(186,6),(187,3),(187,4),(187,6),(188,3),(188,4),(188,6),(189,3),(189,4),(189,6),(190,3),(190,4),(190,6),(191,3),(191,4),(191,6),(192,3),(192,4),(192,6),(193,3),(193,4),(193,6),(194,3),(194,4),(194,6),(195,3),(195,4),(195,6),(196,3),(196,4),(196,6),(197,3),(197,4),(197,6),(198,3),(198,4),(198,6),(199,3),(199,4),(199,6),(200,3),(200,4),(200,6),(201,3),(201,4),(201,6),(202,3),(202,4),(202,6),(203,3),(203,4),(203,6),(204,3),(204,4),(204,6),(205,3),(205,4),(205,6),(206,7),(207,7),(208,8),(209,8),(210,9),(211,9),(212,9),(213,9),(214,10),(215,10),(216,10),(217,10),(218,11),(219,11),(220,11),(221,11),(222,11),(223,11),(224,11),(225,11),(226,12),(227,12),(228,12),(229,12),(230,12),(231,12),(232,12),(233,12),(234,9),(235,10),(236,11),(237,12),(238,75),(239,75),(240,75),(241,75),(242,75),(243,75),(244,75),(245,75),(246,75),(247,13),(247,14),(248,14),(248,13),(249,14),(249,13),(250,14),(250,13),(251,14),(251,13),(252,14),(252,13),(253,14),(253,13),(254,14),(254,13),(255,14),(255,13),(256,14),(256,13),(257,14),(257,13),(258,14),(258,13),(259,14),(259,13),(260,13),(260,14),(261,13),(261,14),(262,13),(262,14),(263,13),(263,14),(264,13),(264,14),(265,13),(265,14),(266,13),(266,14),(267,13),(267,14),(268,13),(268,14),(269,14),(269,13),(269,15),(269,17),(270,14),(270,13),(270,15),(270,17),(271,14),(271,13),(271,15),(271,17),(272,14),(272,13),(272,15),(272,17),(273,14),(273,13),(273,15),(273,17),(274,14),(274,13),(274,15),(274,17),(275,14),(275,13),(275,15),(275,17),(276,14),(276,13),(276,15),(276,17),(277,14),(277,13),(277,15),(277,17),(278,14),(278,13),(278,15),(278,17),(279,14),(279,13),(279,15),(279,17),(280,14),(280,13),(280,15),(280,17),(281,13),(282,13),(283,13),(284,13),(285,13),(286,13),(287,13),(288,13),(289,13),(290,13),(291,13),(292,13),(293,13),(294,13),(295,13),(296,13),(297,13),(298,13),(299,13),(300,13),(301,13),(302,18),(303,18),(304,18),(305,18),(306,18),(307,18),(308,18),(309,18),(310,18),(311,18),(312,18),(313,15),(314,15),(315,15),(316,15),(317,15),(318,15),(319,15),(320,15),(321,15),(322,15),(323,15),(324,15),(325,15),(326,15),(327,15),(328,15),(329,15),(330,15),(331,15),(332,15),(333,15),(334,15),(335,15),(336,15),(337,15),(338,15),(339,15),(340,15),(341,15),(342,15),(343,15),(344,15),(345,15),(346,15),(347,15),(348,15),(349,15),(350,15),(351,15),(352,15),(353,15),(354,15),(355,15),(356,15),(357,15),(358,15),(359,15),(360,15),(361,15),(362,15),(363,15),(364,15),(365,15),(366,15),(367,15),(368,15),(369,15),(370,15),(371,15),(372,15),(373,15),(374,15),(375,15),(376,15),(377,15),(378,15),(379,15),(380,15),(381,15),(382,15),(383,15),(384,15),(385,15),(386,15),(387,15),(388,15),(389,15),(390,15),(391,15),(392,15),(393,15),(394,15),(395,15),(396,15),(397,15),(398,15),(399,15),(400,15),(401,15),(402,15),(403,15),(404,15),(405,15),(406,15),(407,15),(408,17),(408,15),(409,17),(409,15),(410,17),(410,15),(411,17),(411,15),(412,17),(412,15),(413,17),(413,15),(414,17),(414,15),(415,17),(415,15),(416,17),(416,15),(417,17),(417,15),(418,17),(418,15),(419,17),(419,15),(420,17),(420,15),(421,17),(421,15),(422,17),(422,15),(423,17),(423,15),(445,19),(446,19),(447,19),(448,19),(449,19),(450,19),(451,19),(452,19),(453,19),(454,17),(455,17),(456,17),(457,17),(458,17),(459,17),(460,17),(461,17),(462,17),(463,17),(464,17),(465,17),(466,17),(467,17),(468,17),(469,17),(470,17),(471,17),(472,17),(473,17),(474,17),(475,17),(476,17),(477,17),(478,17),(479,17),(480,17),(481,17),(482,17),(483,17),(484,17),(485,17),(486,17),(487,17),(488,17),(490,21),(491,21),(492,21),(493,21),(494,21),(495,21),(496,21),(497,21),(498,21),(499,21),(500,21),(501,22),(502,22),(503,22),(504,22),(505,22),(506,22),(507,22),(508,22),(509,22),(510,22),(511,22),(512,22),(513,22),(514,23),(515,23),(516,24),(517,24),(518,24),(519,24),(520,24),(521,24),(522,24),(523,24),(524,24),(525,24),(526,24),(527,24),(528,24),(529,24),(530,24),(531,24),(532,24),(533,24),(534,24),(535,24),(536,24),(537,24),(538,25),(539,25),(540,25),(541,25),(542,25),(543,25),(544,25),(545,25),(546,25),(547,25),(548,25),(549,25),(550,25),(551,25),(552,25),(553,25),(554,25),(555,25),(556,25),(557,25),(558,25),(559,25),(560,25),(561,25),(562,25),(563,25),(564,25),(565,25),(566,25),(567,25),(568,25),(569,25),(570,25),(571,25),(572,25),(573,25),(574,25),(575,25),(576,26),(577,26),(578,27),(579,28),(580,29),(581,30),(583,32),(584,33),(586,35),(587,27),(588,28),(589,29),(590,30),(592,32),(593,33),(595,35),(597,37),(598,37),(599,38),(600,38),(601,38),(601,38),(602,38),(603,38),(604,38),(605,38),(606,38),(607,38),(608,38),(609,38),(610,38),(611,38),(612,38),(613,38),(614,38),(616,40),(617,40),(618,40),(619,41),(620,41),(621,42),(622,42),(623,43),(624,43),(625,43),(626,44),(627,44),(628,44),(629,44),(630,44),(631,44),(632,44),(633,44),(634,44),(635,44),(636,44),(637,44),(638,44),(639,45),(640,45),(641,45),(642,45),(643,45),(644,45),(645,45),(646,45),(647,45),(648,45),(649,45),(650,45),(651,45),(651,46),(652,46),(652,45),(653,46),(653,45),(654,46),(654,45),(655,46),(655,45),(656,46),(656,45),(657,46),(657,45),(658,46),(658,45),(659,46),(659,45),(660,46),(660,45),(661,46),(661,45),(662,46),(662,45),(663,46),(663,45),(664,46),(664,45),(665,46),(665,45),(666,46),(666,45),(667,46),(667,45),(668,46),(668,45),(669,46),(669,45),(670,46),(670,45),(671,46),(671,45),(672,46),(672,45),(673,46),(673,45),(674,46),(674,45),(675,46),(675,45),(676,46),(676,45),(677,46),(677,45),(678,46),(678,45),(679,46),(679,45),(680,46),(680,45),(681,46),(681,45),(682,46),(682,45),(683,46),(683,45),(684,46),(684,45),(685,46),(685,45),(686,46),(686,45),(687,46),(687,45),(688,46),(688,45),(689,46),(689,45),(690,46),(690,45),(691,46),(691,45),(692,46),(692,45),(693,46),(693,45),(694,46),(694,45),(695,46),(695,45),(696,46),(696,45),(697,46),(697,45),(698,46),(698,45),(699,46),(699,45),(700,46),(700,45),(701,47),(702,47),(703,47),(704,47),(705,47),(706,47),(707,47),(708,47),(709,47),(710,47),(711,47),(712,47),(713,47),(714,47),(715,47),(716,47),(717,47),(718,47),(719,47),(720,47),(721,47),(722,47),(723,47),(724,47),(725,47),(726,47),(727,47),(728,47),(729,47),(730,47),(731,47),(732,47),(733,48),(734,48),(735,48),(736,48),(737,48),(738,48),(739,48),(740,48),(741,48),(742,48),(743,48),(744,48),(745,48),(746,48),(747,48),(748,48),(749,48),(750,48),(751,48),(752,48),(753,48),(754,48),(755,48),(756,48),(757,48),(758,48),(759,88),(760,49),(761,49),(762,49),(763,49),(764,49),(765,49),(766,49),(767,49),(768,49),(769,49),(770,49),(771,49),(772,49),(773,49),(774,49),(775,49),(776,49),(777,49),(778,49),(779,49),(780,49),(781,49),(782,49),(783,49),(784,49),(785,49),(425,16),(424,16),(594,34),(585,34),(582,31),(591,31),(787,78),(788,78),(789,78),(786,78),(790,46),(791,46),(792,46),(793,46),(794,77),(795,77),(796,77),(797,77),(798,77),(799,77),(800,77),(801,77),(802,77),(803,77),(804,77),(805,77),(806,77),(807,77),(808,77),(809,77),(810,77),(811,77),(812,77),(813,77),(814,76),(815,8),(816,8),(817,8),(818,8),(819,8),(820,8),(821,8),(822,8),(823,8),(824,8),(825,8),(826,8),(827,8),(828,8),(829,8),(830,8),(831,8),(832,8),(833,8),(834,8),(835,8),(836,8),(837,8),(838,8),(839,8),(840,8),(841,8),(842,8),(843,8),(844,8),(53,2),(489,20),(444,16),(443,16),(442,16),(441,16),(440,16),(439,16),(438,16),(437,16),(436,16),(435,16),(434,16),(433,16),(432,16),(431,16),(430,16),(429,16),(428,16),(427,16),(426,16),(596,39),(615,39);

/*!40000 ALTER TABLE res_seti ENABLE KEYS */;
UNLOCK TABLES;

--
-- Table structure for table 'sequr'
--

DROP TABLE IF EXISTS sequr;
CREATE TABLE sequr (
  id_user bigint(20) unsigned NOT NULL auto_increment,
  login varchar(20) NOT NULL default '',
  passwd varchar(20) default NULL,
  passw1 varchar(20) default NULL,
  id_podrazd bigint(20) unsigned default '0',
  dostup enum('all','read') NOT NULL default 'read',
  counter bigint(20) unsigned default '0',
  begin_last_session datetime default NULL,
  end_last_session datetime default NULL,
  PRIMARY KEY  (id_user),
  UNIQUE KEY login (login)
) TYPE=MyISAM;

/*!40000 ALTER TABLE sequr DISABLE KEYS */;

--
-- Dumping data for table 'sequr'
--


LOCK TABLES sequr WRITE;
INSERT INTO sequr VALUES (1,'emz','12a5bc184d70c5ef','123qwe+',0,'all',4,'2006-11-11 15:49:10','2006-11-11 15:50:49'),(2,'Kong','4956f3752e7493d0','c castaneda',0,'all',0,NULL,NULL),(3,'alex','4fad3ddb3750935f','~ Awe321',0,'all',0,'2006-11-11 15:39:45','2006-11-11 15:40:12'),(5,'Ермаков','00ebe12e18094880','4215',3,'read',0,NULL,NULL);

/*!40000 ALTER TABLE sequr ENABLE KEYS */;
UNLOCK TABLES;

--
-- Table structure for table 'slabonstatus'
--

DROP TABLE IF EXISTS slabonstatus;
CREATE TABLE slabonstatus (
  id_status bigint(20) unsigned NOT NULL auto_increment,
  abon_status varchar(255) default NULL,
  PRIMARY KEY  (id_status)
) TYPE=MyISAM;

/*!40000 ALTER TABLE slabonstatus DISABLE KEYS */;

--
-- Dumping data for table 'slabonstatus'
--


LOCK TABLES slabonstatus WRITE;
INSERT INTO slabonstatus VALUES (1,'Включен'),(2,'Выключен');

/*!40000 ALTER TABLE slabonstatus ENABLE KEYS */;
UNLOCK TABLES;

--
-- Table structure for table 'slmarka'
--

DROP TABLE IF EXISTS slmarka;
CREATE TABLE slmarka (
  id_marka bigint(20) unsigned NOT NULL auto_increment,
  marka varchar(200) NOT NULL default '',
  PRIMARY KEY  (id_marka),
  UNIQUE KEY marka (marka)
) TYPE=MyISAM;

/*!40000 ALTER TABLE slmarka DISABLE KEYS */;

--
-- Dumping data for table 'slmarka'
--


LOCK TABLES slmarka WRITE;
INSERT INTO slmarka VALUES (1,'ФЛОКС   РРС'),(2,'КОМПЛЕКС-5М-1   РРС'),(3,'Малютка-1 РРС'),(4,'Ericsson GE'),(5,'Motorola GM-350'),(6,'GP-300 (VHF)'),(7,'Motorola P040'),(8,'MOTOROLA GM 300'),(9,'KENWOOD TK-278'),(10,'GP-320 (PW302B)'),(11,'16Р22С-1Г (Маяк)'),(12,'72РТМ-А2-ЧМ(ЖР-У-ЛС)'),(13,'Motorola P080'),(14,'11Р22С-3,2'),(15,'45Р32Н-2 (ВЭБР-160/9)'),(16,'23РТH-2-ЧМ(Сирена)'),(17,'Motorola GP-300'),(18,'11Р32H-1(Транспорт-H)'),(19,'GP-68 (UHF)'),(20,'16Р22В-1(Маяк)'),(21,'16Р22С-1(Маяк-С)'),(22,'Алтай АС-СПК'),(23,'УТК-1А'),(24,'Лес-400РТ (АС)'),(25,'Карт-4'),(26,'УТК-1Ц'),(27,'Лес-400РТ (ЦС)'),(28,'Перевал-2   РРС'),(29,'1Р21В-3(Лен-В)'),(30,'1Р21С-4(Лен-В)'),(31,'ВЭБР 40/8 РД18'),(32,'Гранит Д'),(33,'Motorola M-208'),(34,'MOTOROLA GM-360'),(35,'45Р31У (ВЭБР-40/8)'),(36,'STU (ТВ-передатчик)'),(37,'3Р31H-1(Кактус-М)'),(38,'F-800 (БС-3)'),(39,'F-800 (БС-1)'),(40,'F-800 (БС-2)'),(41,'F-800 (БС-4)'),(42,'Лен-Д'),(43,'TX-250 (РВ-передатчик)'),(44,'Motorola CM140');

/*!40000 ALTER TABLE slmarka ENABLE KEYS */;
UNLOCK TABLES;

--
-- Table structure for table 'slstatus'
--

DROP TABLE IF EXISTS slstatus;
CREATE TABLE slstatus (
  id_status bigint(20) unsigned NOT NULL auto_increment,
  status varchar(255) default NULL,
  PRIMARY KEY  (id_status)
) TYPE=MyISAM;

/*!40000 ALTER TABLE slstatus DISABLE KEYS */;

--
-- Dumping data for table 'slstatus'
--


LOCK TABLES slstatus WRITE;
INSERT INTO slstatus VALUES (1,'Списано'),(2,'Активно'),(3,'Активно РЧЦ'),(4,'Новое');

/*!40000 ALTER TABLE slstatus ENABLE KEYS */;
UNLOCK TABLES;

--
-- Table structure for table 'sltyperes'
--

DROP TABLE IF EXISTS sltyperes;
CREATE TABLE sltyperes (
  id_type bigint(20) unsigned NOT NULL auto_increment,
  type varchar(200) NOT NULL default '',
  PRIMARY KEY  (id_type),
  UNIQUE KEY type (type)
) TYPE=MyISAM;

/*!40000 ALTER TABLE sltyperes DISABLE KEYS */;

--
-- Dumping data for table 'sltyperes'
--


LOCK TABLES sltyperes WRITE;
INSERT INTO sltyperes VALUES (1,'Носимое'),(2,'Возимое'),(3,'Стационарное'),(4,'Базовое');

/*!40000 ALTER TABLE sltyperes ENABLE KEYS */;
UNLOCK TABLES;

